code_dept,annee,taux_chomage_moyen,taux_chomage_min,taux_chomage_max,nb_trimestres
01,1982,3.95,3.8,4.1,4
01,1983,4.35,4.2,4.6,4
01,1984,5.22,4.9,5.6,4
01,1985,5.48,5.2,5.7,4
01,1986,5.38,5.2,5.5,4
01,1987,5.32,5.2,5.5,4
01,1988,4.92,4.7,5.1,4
01,1989,4.35,4.1,4.6,4
01,1990,4.05,4.0,4.2,4
01,1991,4.62,4.3,5.0,4
01,1992,5.78,5.3,6.3,4
01,1993,7.02,6.6,7.4,4
01,1994,7.4,7.1,7.6,4
01,1995,6.68,6.6,6.8,4
01,1996,6.78,6.7,6.9,4
01,1997,6.62,6.5,6.8,4
01,1998,6.05,6.0,6.2,4
01,1999,5.92,5.6,6.1,4
01,2000,4.5,3.9,5.1,4
01,2001,3.88,3.7,4.2,4
01,2002,4.45,4.3,4.6,4
01,2003,5.15,5.0,5.4,4
01,2004,5.45,5.4,5.5,4
01,2005,5.52,5.3,5.7,4
01,2006,5.4,5.2,5.6,4
01,2007,4.93,4.7,5.2,4
01,2008,4.8,4.4,5.4,4
01,2009,6.88,6.3,7.3,4
01,2010,6.75,6.5,7.0,4
01,2011,6.32,6.2,6.5,4
01,2012,6.85,6.6,7.1,4
01,2013,7.2,7.0,7.3,4
01,2014,7.08,6.9,7.3,4
01,2015,7.35,7.3,7.5,4
01,2016,7.35,7.3,7.4,4
01,2017,6.75,6.3,7.0,4
01,2018,6.3,6.2,6.4,4
01,2019,6.05,6.0,6.2,4
01,2020,6.07,5.6,6.8,4
01,2021,5.9,5.5,6.2,4
01,2022,5.4,5.3,5.5,4
01,2023,5.48,5.2,5.7,4
01,2024,5.52,5.5,5.6,4
01,2025,5.68,5.6,5.8,4
02,1982,8.38,8.2,8.5,4
02,1983,8.7,8.5,9.1,4
02,1984,10.15,9.6,10.5,4
02,1985,10.38,10.3,10.5,4
02,1986,10.42,10.2,10.6,4
02,1987,10.4,10.3,10.6,4
02,1988,10.2,10.0,10.4,4
02,1989,9.3,9.1,9.7,4
02,1990,8.7,8.5,8.9,4
02,1991,8.48,8.2,8.8,4
02,1992,9.25,9.1,9.4,4
02,1993,10.45,9.7,11.2,4
02,1994,11.62,11.5,11.7,4
02,1995,10.95,10.8,11.2,4
02,1996,11.48,11.2,11.7,4
02,1997,11.88,11.8,11.9,4
02,1998,11.5,11.4,11.6,4
02,1999,11.48,11.2,11.7,4
02,2000,10.35,10.0,10.8,4
02,2001,9.7,9.5,9.9,4
02,2002,9.33,9.3,9.4,4
02,2003,10.05,9.9,10.3,4
02,2004,10.5,10.4,10.6,4
02,2005,10.9,10.4,11.4,4
02,2006,11.08,10.6,11.4,4
02,2007,10.17,9.7,10.7,4
02,2008,9.78,9.3,10.3,4
02,2009,12.12,11.3,12.7,4
02,2010,12.5,12.5,12.5,4
02,2011,12.62,12.5,13.0,4
02,2012,13.68,13.3,14.2,4
02,2013,14.2,13.9,14.4,4
02,2014,13.9,13.8,14.0,4
02,2015,13.85,13.8,14.0,4
02,2016,13.62,13.4,13.8,4
02,2017,12.98,12.5,13.2,4
02,2018,12.38,12.0,12.9,4
02,2019,11.6,11.3,12.1,4
02,2020,10.98,9.6,12.1,4
02,2021,10.95,10.6,11.3,4
02,2022,10.35,10.2,10.5,4
02,2023,10.45,10.3,10.7,4
02,2024,10.42,10.0,10.7,4
02,2025,10.35,10.2,10.6,4
03,1982,7.55,7.3,7.7,4
03,1983,7.9,7.7,8.4,4
03,1984,10.2,9.3,10.7,4
03,1985,10.6,10.4,10.7,4
03,1986,10.78,10.5,11.0,4
03,1987,10.95,10.7,11.3,4
03,1988,10.58,10.4,10.7,4
03,1989,10.05,9.9,10.2,4
03,1990,10.25,10.1,10.3,4
03,1991,10.45,10.3,10.6,4
03,1992,10.6,10.5,10.8,4
03,1993,10.7,10.3,11.2,4
03,1994,11.3,11.0,11.5,4
03,1995,10.45,10.2,10.7,4
03,1996,11.15,10.9,11.3,4
03,1997,11.12,10.9,11.2,4
03,1998,10.38,10.3,10.5,4
03,1999,10.05,9.6,10.3,4
03,2000,8.48,8.2,9.0,4
03,2001,8.02,7.7,8.4,4
03,2002,7.58,7.5,7.7,4
03,2003,7.9,7.8,8.1,4
03,2004,8.35,8.2,8.5,4
03,2005,8.4,8.1,8.7,4
03,2006,8.5,8.1,8.7,4
03,2007,7.72,7.2,8.2,4
03,2008,7.25,6.8,7.8,4
03,2009,9.05,8.6,9.5,4
03,2010,9.15,9.1,9.2,4
03,2011,9.18,9.0,9.4,4
03,2012,9.82,9.5,10.2,4
03,2013,10.2,10.1,10.3,4
03,2014,10.28,10.1,10.5,4
03,2015,10.58,10.4,10.7,4
03,2016,10.38,10.2,10.6,4
03,2017,9.7,9.3,9.9,4
03,2018,9.35,9.1,9.6,4
03,2019,8.9,8.7,9.2,4
03,2020,8.45,7.8,9.4,4
03,2021,8.15,7.8,8.4,4
03,2022,7.62,7.4,7.8,4
03,2023,7.72,7.5,7.9,4
03,2024,7.88,7.8,7.9,4
03,2025,7.98,7.8,8.2,4
04,1982,5.75,5.5,6.0,4
04,1983,6.3,6.1,6.6,4
04,1984,7.1,6.8,7.5,4
04,1985,7.6,7.4,7.7,4
04,1986,7.48,7.3,7.6,4
04,1987,7.15,7.0,7.4,4
04,1988,6.9,6.8,7.0,4
04,1989,6.7,6.6,6.8,4
04,1990,7.22,7.0,7.3,4
04,1991,7.32,7.1,7.7,4
04,1992,8.45,8.2,8.7,4
04,1993,9.25,9.0,9.5,4
04,1994,9.62,9.5,9.7,4
04,1995,9.15,8.9,9.4,4
04,1996,9.78,9.5,10.0,4
04,1997,10.35,10.1,10.5,4
04,1998,10.42,10.4,10.5,4
04,1999,10.38,10.1,10.6,4
04,2000,9.48,9.1,9.9,4
04,2001,8.9,8.8,9.0,4
04,2002,8.62,8.5,8.8,4
04,2003,8.7,8.5,8.8,4
04,2004,8.8,8.5,9.0,4
04,2005,9.02,8.8,9.3,4
04,2006,9.1,8.7,9.4,4
04,2007,8.68,8.3,9.0,4
04,2008,8.18,7.9,8.6,4
04,2009,9.57,9.2,9.9,4
04,2010,9.62,9.6,9.7,4
04,2011,9.88,9.6,10.1,4
04,2012,10.58,10.2,11.0,4
04,2013,11.15,11.1,11.3,4
04,2014,11.2,11.0,11.4,4
04,2015,11.35,11.2,11.6,4
04,2016,11.08,10.9,11.2,4
04,2017,10.7,10.4,10.9,4
04,2018,10.4,10.1,10.7,4
04,2019,9.75,9.3,10.2,4
04,2020,9.12,8.4,10.2,4
04,2021,8.82,8.3,9.2,4
04,2022,8.22,8.1,8.3,4
04,2023,8.12,8.0,8.3,4
04,2024,7.92,7.7,8.1,4
04,2025,8.0,7.9,8.2,4
05,1982,5.03,4.9,5.3,4
05,1983,5.98,5.7,6.4,4
05,1984,6.72,6.7,6.8,4
05,1985,6.72,6.6,6.8,4
05,1986,6.78,6.5,6.9,4
05,1987,6.7,6.6,6.9,4
05,1988,6.62,6.6,6.7,4
05,1989,6.72,6.7,6.8,4
05,1990,6.18,5.9,6.6,4
05,1991,6.22,5.8,6.6,4
05,1992,7.1,7.0,7.2,4
05,1993,7.5,7.3,7.7,4
05,1994,7.8,7.8,7.8,4
05,1995,7.35,7.2,7.5,4
05,1996,7.92,7.7,8.0,4
05,1997,8.48,8.2,8.6,4
05,1998,8.78,8.6,9.0,4
05,1999,8.55,8.0,9.1,4
05,2000,7.18,6.8,7.8,4
05,2001,7.05,6.8,7.2,4
05,2002,6.82,6.6,7.0,4
05,2003,7.0,6.8,7.3,4
05,2004,7.35,7.3,7.4,4
05,2005,7.45,7.2,7.6,4
05,2006,7.4,7.1,7.6,4
05,2007,7.22,6.9,7.5,4
05,2008,6.62,6.4,6.9,4
05,2009,7.55,7.3,7.8,4
05,2010,7.65,7.5,7.8,4
05,2011,8.02,7.8,8.3,4
05,2012,8.57,8.3,8.9,4
05,2013,9.25,9.1,9.4,4
05,2014,9.22,9.1,9.3,4
05,2015,9.45,9.3,9.6,4
05,2016,9.25,9.1,9.4,4
05,2017,8.68,8.4,8.9,4
05,2018,8.48,8.3,8.6,4
05,2019,7.98,7.8,8.2,4
05,2020,7.68,7.1,8.4,4
05,2021,7.95,6.9,9.6,4
05,2022,6.75,6.6,6.9,4
05,2023,6.55,6.5,6.6,4
05,2024,6.22,6.0,6.5,4
05,2025,6.38,6.2,6.5,4
06,1982,8.88,8.5,9.2,4
06,1983,9.38,9.1,9.7,4
06,1984,9.75,9.4,10.2,4
06,1985,9.78,9.7,9.8,4
06,1986,9.15,9.0,9.3,4
06,1987,8.7,8.6,8.9,4
06,1988,8.22,8.0,8.4,4
06,1989,7.48,7.3,7.7,4
06,1990,7.62,7.5,7.7,4
06,1991,8.28,7.9,8.6,4
06,1992,9.28,8.9,9.7,4
06,1993,10.65,10.1,11.3,4
06,1994,11.35,11.2,11.5,4
06,1995,10.98,10.9,11.1,4
06,1996,11.5,11.3,11.6,4
06,1997,11.52,11.4,11.6,4
06,1998,11.05,10.9,11.2,4
06,1999,10.62,10.2,10.9,4
06,2000,9.1,8.5,9.7,4
06,2001,8.2,8.1,8.4,4
06,2002,8.07,8.0,8.1,4
06,2003,8.5,8.4,8.6,4
06,2004,8.45,8.4,8.6,4
06,2005,8.35,8.2,8.5,4
06,2006,8.2,7.9,8.4,4
06,2007,7.38,6.8,7.9,4
06,2008,6.6,6.5,6.9,4
06,2009,8.28,7.7,8.7,4
06,2010,8.45,8.4,8.5,4
06,2011,8.62,8.4,8.9,4
06,2012,9.3,9.0,9.7,4
06,2013,10.05,9.9,10.2,4
06,2014,10.3,10.1,10.6,4
06,2015,10.52,10.4,10.8,4
06,2016,10.32,10.1,10.5,4
06,2017,9.8,9.4,10.0,4
06,2018,9.35,9.1,9.7,4
06,2019,8.75,8.4,9.1,4
06,2020,8.78,8.0,10.0,4
06,2021,8.55,7.8,9.0,4
06,2022,7.35,7.1,7.5,4
06,2023,7.08,7.0,7.2,4
06,2024,6.75,6.6,7.0,4
06,2025,6.98,6.8,7.2,4
07,1982,6.9,6.6,7.2,4
07,1983,7.48,7.2,7.8,4
07,1984,8.65,8.2,8.9,4
07,1985,8.68,8.5,8.9,4
07,1986,8.55,8.4,8.7,4
07,1987,8.57,8.4,8.7,4
07,1988,8.12,8.0,8.3,4
07,1989,7.65,7.5,7.8,4
07,1990,7.93,7.8,8.0,4
07,1991,8.22,7.9,8.5,4
07,1992,9.02,8.8,9.2,4
07,1993,9.85,9.4,10.3,4
07,1994,10.32,9.9,10.6,4
07,1995,9.5,9.3,9.7,4
07,1996,10.42,10.1,10.6,4
07,1997,10.18,10.0,10.5,4
07,1998,9.93,9.7,10.1,4
07,1999,9.93,9.6,10.1,4
07,2000,8.35,7.7,9.3,4
07,2001,7.72,7.5,8.0,4
07,2002,8.0,8.0,8.0,4
07,2003,8.38,8.2,8.6,4
07,2004,8.7,8.6,8.8,4
07,2005,8.78,8.5,9.0,4
07,2006,8.93,8.6,9.1,4
07,2007,8.35,7.9,8.8,4
07,2008,7.9,7.5,8.5,4
07,2009,9.35,9.0,9.8,4
07,2010,9.28,9.2,9.4,4
07,2011,9.25,9.0,9.6,4
07,2012,10.02,9.6,10.5,4
07,2013,10.6,10.3,10.8,4
07,2014,10.45,10.4,10.6,4
07,2015,10.7,10.5,10.8,4
07,2016,10.62,10.5,10.7,4
07,2017,10.07,9.8,10.2,4
07,2018,9.78,9.6,10.0,4
07,2019,9.12,9.0,9.4,4
07,2020,8.7,7.9,9.7,4
07,2021,8.65,8.2,8.9,4
07,2022,8.05,7.9,8.2,4
07,2023,7.95,7.8,8.1,4
07,2024,7.82,7.6,8.0,4
07,2025,7.8,7.7,8.0,4
08,1982,8.93,8.7,9.1,4
08,1983,9.2,8.9,9.7,4
08,1984,11.02,10.3,11.6,4
08,1985,11.68,11.5,11.8,4
08,1986,11.08,11.0,11.2,4
08,1987,11.32,11.2,11.4,4
08,1988,10.88,10.6,11.2,4
08,1989,9.78,9.5,10.2,4
08,1990,9.72,9.6,9.8,4
08,1991,10.12,9.9,10.3,4
08,1992,10.75,10.5,11.2,4
08,1993,12.18,11.6,12.7,4
08,1994,12.72,12.3,13.0,4
08,1995,11.95,11.7,12.3,4
08,1996,13.3,12.7,13.6,4
08,1997,13.68,13.4,13.8,4
08,1998,12.62,12.5,12.9,4
08,1999,12.25,11.7,12.5,4
08,2000,10.85,10.6,11.3,4
08,2001,10.3,10.1,10.6,4
08,2002,10.2,10.1,10.3,4
08,2003,11.05,10.6,11.6,4
08,2004,11.4,11.3,11.7,4
08,2005,11.42,11.0,11.9,4
08,2006,11.8,11.0,12.2,4
08,2007,10.32,9.7,10.9,4
08,2008,9.75,9.4,10.3,4
08,2009,11.8,11.6,12.3,4
08,2010,10.85,10.5,11.2,4
08,2011,10.75,10.4,11.2,4
08,2012,11.82,11.3,12.4,4
08,2013,12.5,12.1,12.7,4
08,2014,12.22,12.1,12.6,4
08,2015,12.48,12.1,12.8,4
08,2016,12.0,11.8,12.2,4
08,2017,11.05,10.4,11.5,4
08,2018,10.42,10.2,10.7,4
08,2019,10.0,9.9,10.2,4
08,2020,9.6,8.5,10.6,4
08,2021,9.48,9.3,9.7,4
08,2022,9.3,9.1,9.5,4
08,2023,9.62,9.3,9.9,4
08,2024,9.75,9.5,9.9,4
08,2025,9.8,9.6,10.1,4
09,1982,7.35,7.3,7.4,4
09,1983,7.08,6.9,7.3,4
09,1984,7.68,7.3,7.9,4
09,1985,7.55,7.4,7.8,4
09,1986,7.12,7.1,7.2,4
09,1987,7.52,7.5,7.6,4
09,1988,7.28,7.0,7.5,4
09,1989,7.12,6.9,7.3,4
09,1990,7.6,7.4,7.8,4
09,1991,7.75,7.5,8.0,4
09,1992,8.4,8.0,8.7,4
09,1993,9.3,8.8,9.8,4
09,1994,10.05,9.9,10.2,4
09,1995,9.55,9.4,9.8,4
09,1996,9.95,9.7,10.1,4
09,1997,10.22,10.2,10.3,4
09,1998,9.95,9.8,10.1,4
09,1999,9.98,9.7,10.1,4
09,2000,9.1,8.7,9.5,4
09,2001,8.28,8.0,8.6,4
09,2002,7.98,7.9,8.0,4
09,2003,8.38,8.3,8.6,4
09,2004,8.78,8.6,8.9,4
09,2005,9.22,8.8,9.6,4
09,2006,9.57,9.3,9.7,4
09,2007,8.88,8.4,9.4,4
09,2008,8.3,7.9,8.7,4
09,2009,10.15,9.6,10.6,4
09,2010,10.3,10.2,10.4,4
09,2011,10.55,10.2,11.1,4
09,2012,11.58,11.3,12.1,4
09,2013,12.28,12.0,12.5,4
09,2014,12.08,11.9,12.4,4
09,2015,12.28,12.1,12.5,4
09,2016,11.95,11.8,12.1,4
09,2017,11.48,11.1,11.7,4
09,2018,11.18,10.9,11.4,4
09,2019,10.6,10.3,11.0,4
09,2020,9.8,8.6,10.9,4
09,2021,9.7,9.3,10.1,4
09,2022,9.35,9.3,9.5,4
09,2023,9.38,9.2,9.5,4
09,2024,9.18,9.0,9.4,4
09,2025,9.28,9.1,9.4,4
10,1982,6.08,6.0,6.2,4
10,1983,6.08,5.8,6.5,4
10,1984,7.75,6.9,8.4,4
10,1985,8.75,8.5,9.0,4
10,1986,8.8,8.7,8.9,4
10,1987,8.9,8.9,8.9,4
10,1988,8.72,8.6,8.9,4
10,1989,7.98,7.8,8.3,4
10,1990,7.6,7.5,7.7,4
10,1991,7.95,7.6,8.4,4
10,1992,8.72,8.6,8.9,4
10,1993,9.75,9.2,10.3,4
10,1994,10.48,10.2,10.7,4
10,1995,10.07,10.0,10.2,4
10,1996,10.4,10.3,10.5,4
10,1997,10.38,10.1,10.6,4
10,1998,9.6,9.5,9.7,4
10,1999,9.3,8.9,9.6,4
10,2000,8.02,7.7,8.5,4
10,2001,7.68,7.6,7.8,4
10,2002,7.9,7.8,8.0,4
10,2003,8.72,8.4,9.3,4
10,2004,9.05,9.0,9.2,4
10,2005,9.1,8.7,9.5,4
10,2006,9.3,8.7,9.7,4
10,2007,8.2,7.8,8.7,4
10,2008,7.75,7.5,8.0,4
10,2009,9.15,8.7,9.5,4
10,2010,9.28,9.2,9.4,4
10,2011,9.75,9.5,10.2,4
10,2012,10.78,10.2,11.4,4
10,2013,11.75,11.6,11.9,4
10,2014,12.15,11.9,12.6,4
10,2015,12.72,12.5,13.0,4
10,2016,12.62,12.4,12.9,4
10,2017,11.95,11.3,12.4,4
10,2018,11.35,11.0,11.9,4
10,2019,10.68,10.3,11.2,4
10,2020,9.93,8.8,10.8,4
10,2021,9.93,9.5,10.3,4
10,2022,9.45,9.3,9.6,4
10,2023,9.52,9.3,9.7,4
10,2024,9.52,9.2,9.7,4
10,2025,9.38,9.2,9.6,4
11,1982,7.58,7.4,7.8,4
11,1983,8.28,8.0,8.6,4
11,1984,9.82,9.3,10.4,4
11,1985,10.1,9.7,10.5,4
11,1986,10.07,9.7,10.4,4
11,1987,10.32,10.2,10.5,4
11,1988,10.15,10.0,10.2,4
11,1989,10.1,10.0,10.2,4
11,1990,10.72,10.6,10.9,4
11,1991,10.98,10.8,11.2,4
11,1992,11.35,11.0,11.6,4
11,1993,11.12,10.9,11.5,4
11,1994,11.55,11.4,11.6,4
11,1995,11.25,11.1,11.5,4
11,1996,12.2,11.9,12.5,4
11,1997,12.68,12.6,12.7,4
11,1998,12.9,12.7,13.1,4
11,1999,12.78,12.3,13.1,4
11,2000,11.28,10.6,11.9,4
11,2001,10.07,10.0,10.2,4
11,2002,9.75,9.6,10.0,4
11,2003,9.98,9.7,10.3,4
11,2004,10.48,10.4,10.6,4
11,2005,10.5,10.1,10.9,4
11,2006,10.8,10.5,11.0,4
11,2007,10.1,9.7,10.5,4
11,2008,9.72,9.2,10.3,4
11,2009,11.48,10.9,12.0,4
11,2010,11.98,11.8,12.1,4
11,2011,12.2,12.0,12.5,4
11,2012,13.05,12.7,13.7,4
11,2013,13.92,13.8,14.1,4
11,2014,14.1,13.9,14.4,4
11,2015,14.2,14.0,14.5,4
11,2016,13.58,13.3,13.9,4
11,2017,12.65,12.3,12.9,4
11,2018,12.32,12.1,12.6,4
11,2019,11.55,11.0,12.2,4
11,2020,10.68,9.5,11.8,4
11,2021,10.72,10.2,11.0,4
11,2022,10.05,9.9,10.2,4
11,2023,10.15,9.9,10.4,4
11,2024,10.25,10.1,10.4,4
11,2025,10.45,10.2,10.8,4
12,1982,5.38,5.2,5.5,4
12,1983,5.72,5.6,6.0,4
12,1984,6.35,6.2,6.5,4
12,1985,6.5,6.4,6.6,4
12,1986,6.4,6.3,6.5,4
12,1987,6.25,6.1,6.4,4
12,1988,5.92,5.7,6.1,4
12,1989,5.48,5.4,5.6,4
12,1990,5.42,5.3,5.5,4
12,1991,5.3,5.3,5.3,4
12,1992,5.52,5.4,5.6,4
12,1993,5.7,5.5,5.9,4
12,1994,6.0,5.9,6.1,4
12,1995,5.72,5.6,5.9,4
12,1996,6.18,6.0,6.3,4
12,1997,6.22,6.2,6.3,4
12,1998,5.98,5.9,6.1,4
12,1999,5.9,5.7,6.0,4
12,2000,5.22,4.9,5.5,4
12,2001,4.68,4.6,4.7,4
12,2002,4.8,4.7,4.9,4
12,2003,5.15,5.1,5.2,4
12,2004,5.22,5.2,5.3,4
12,2005,5.3,5.1,5.5,4
12,2006,5.58,5.3,5.7,4
12,2007,5.0,4.8,5.2,4
12,2008,4.92,4.6,5.3,4
12,2009,6.2,5.9,6.5,4
12,2010,6.32,6.3,6.4,4
12,2011,6.22,6.1,6.4,4
12,2012,6.82,6.4,7.3,4
12,2013,7.5,7.3,7.7,4
12,2014,7.32,7.3,7.4,4
12,2015,7.45,7.3,7.5,4
12,2016,7.3,7.2,7.4,4
12,2017,6.92,6.6,7.1,4
12,2018,6.6,6.4,6.7,4
12,2019,6.35,6.3,6.5,4
12,2020,6.1,5.6,6.8,4
12,2021,6.0,5.7,6.2,4
12,2022,5.7,5.6,5.9,4
12,2023,5.72,5.6,5.8,4
12,2024,5.6,5.4,5.8,4
12,2025,5.6,5.5,5.8,4
13,1982,8.93,8.8,9.2,4
13,1983,9.07,8.9,9.2,4
13,1984,10.45,10.0,10.9,4
13,1985,11.02,10.9,11.1,4
13,1986,11.18,10.8,11.5,4
13,1987,11.6,11.5,11.7,4
13,1988,11.6,11.5,11.7,4
13,1989,11.1,11.0,11.3,4
13,1990,11.3,11.2,11.4,4
13,1991,11.7,11.3,12.2,4
13,1992,13.02,12.6,13.5,4
13,1993,14.25,13.7,14.7,4
13,1994,15.05,14.9,15.2,4
13,1995,14.48,14.3,14.8,4
13,1996,15.1,14.7,15.4,4
13,1997,15.68,15.6,15.8,4
13,1998,15.3,15.2,15.4,4
13,1999,15.27,14.7,15.6,4
13,2000,13.42,12.8,14.1,4
13,2001,12.12,11.8,12.4,4
13,2002,11.15,10.9,11.5,4
13,2003,11.25,11.0,11.4,4
13,2004,11.18,11.0,11.4,4
13,2005,11.15,10.8,11.5,4
13,2006,11.38,10.9,11.7,4
13,2007,10.62,9.9,11.2,4
13,2008,9.5,9.4,9.7,4
13,2009,11.05,10.5,11.6,4
13,2010,11.38,11.3,11.5,4
13,2011,11.52,11.4,11.7,4
13,2012,11.85,11.7,12.1,4
13,2013,12.18,11.9,12.4,4
13,2014,12.0,11.9,12.2,4
13,2015,12.02,11.9,12.2,4
13,2016,11.72,11.5,12.0,4
13,2017,11.3,10.9,11.5,4
13,2018,10.92,10.6,11.3,4
13,2019,10.1,9.7,10.6,4
13,2020,9.35,8.4,10.3,4
13,2021,9.2,8.8,9.5,4
13,2022,8.75,8.6,8.9,4
13,2023,8.6,8.5,8.7,4
13,2024,8.5,8.3,8.7,4
13,2025,8.78,8.6,9.0,4
14,1982,8.98,8.9,9.1,4
14,1983,9.25,9.1,9.5,4
14,1984,10.32,9.9,10.7,4
14,1985,10.7,10.4,10.9,4
14,1986,10.4,10.3,10.5,4
14,1987,10.65,10.6,10.7,4
14,1988,9.82,9.5,10.4,4
14,1989,8.82,8.7,9.1,4
14,1990,8.38,8.2,8.6,4
14,1991,8.32,8.1,8.6,4
14,1992,8.93,8.7,9.2,4
14,1993,9.88,9.4,10.3,4
14,1994,10.5,10.3,10.6,4
14,1995,9.82,9.5,10.1,4
14,1996,10.8,10.6,10.9,4
14,1997,10.95,10.8,11.0,4
14,1998,10.22,10.1,10.5,4
14,1999,9.78,9.3,10.1,4
14,2000,8.38,7.9,8.9,4
14,2001,7.7,7.6,7.8,4
14,2002,7.72,7.6,7.8,4
14,2003,8.48,8.3,8.8,4
14,2004,8.68,8.6,8.8,4
14,2005,8.78,8.5,9.0,4
14,2006,8.72,8.3,9.0,4
14,2007,7.75,7.1,8.4,4
14,2008,7.02,6.7,7.7,4
14,2009,8.82,8.5,9.1,4
14,2010,8.88,8.8,9.0,4
14,2011,8.82,8.7,9.0,4
14,2012,9.4,9.1,9.8,4
14,2013,9.75,9.5,9.9,4
14,2014,9.75,9.6,10.0,4
14,2015,9.9,9.8,10.1,4
14,2016,9.4,9.2,9.7,4
14,2017,8.7,8.3,8.9,4
14,2018,8.38,8.1,8.6,4
14,2019,7.7,7.5,8.0,4
14,2020,7.4,6.9,8.2,4
14,2021,7.02,6.5,7.4,4
14,2022,6.38,6.2,6.5,4
14,2023,6.4,6.2,6.6,4
14,2024,6.6,6.5,6.7,4
14,2025,6.88,6.7,7.1,4
15,1982,7.15,6.8,7.4,4
15,1983,7.3,7.2,7.5,4
15,1984,8.48,7.8,9.1,4
15,1985,9.02,8.8,9.2,4
15,1986,9.3,9.2,9.4,4
15,1987,9.25,9.0,9.4,4
15,1988,9.02,8.9,9.2,4
15,1989,8.72,8.6,8.8,4
15,1990,8.55,8.4,8.6,4
15,1991,8.38,8.2,8.7,4
15,1992,8.88,8.7,9.0,4
15,1993,9.02,8.6,9.5,4
15,1994,9.1,8.7,9.4,4
15,1995,8.15,7.9,8.5,4
15,1996,8.65,8.4,8.9,4
15,1997,8.93,8.8,9.0,4
15,1998,8.43,8.3,8.6,4
15,1999,7.95,7.5,8.2,4
15,2000,6.82,6.6,7.2,4
15,2001,6.48,6.0,6.9,4
15,2002,5.62,5.5,5.8,4
15,2003,5.55,5.5,5.7,4
15,2004,5.85,5.8,5.9,4
15,2005,5.95,5.7,6.2,4
15,2006,6.08,5.7,6.3,4
15,2007,5.52,5.2,5.9,4
15,2008,5.1,4.8,5.4,4
15,2009,6.0,5.8,6.1,4
15,2010,5.58,5.5,5.7,4
15,2011,5.8,5.6,6.1,4
15,2012,6.45,6.2,6.8,4
15,2013,6.8,6.6,7.0,4
15,2014,6.52,6.5,6.6,4
15,2015,6.5,6.4,6.6,4
15,2016,6.22,6.1,6.4,4
15,2017,5.65,5.3,5.9,4
15,2018,5.3,5.1,5.4,4
15,2019,4.92,4.8,5.1,4
15,2020,4.75,4.4,5.4,4
15,2021,4.3,4.0,4.6,4
15,2022,4.03,4.0,4.1,4
15,2023,4.18,4.0,4.3,4
15,2024,4.2,4.1,4.3,4
15,2025,4.47,4.3,4.6,4
16,1982,7.1,6.8,7.3,4
16,1983,7.45,7.3,7.7,4
16,1984,8.4,8.1,8.8,4
16,1985,9.12,9.1,9.2,4
16,1986,9.3,9.0,9.5,4
16,1987,9.45,9.3,9.6,4
16,1988,8.95,8.7,9.2,4
16,1989,8.52,8.4,8.7,4
16,1990,8.2,8.1,8.3,4
16,1991,8.5,8.2,8.9,4
16,1992,9.15,9.1,9.2,4
16,1993,9.18,9.0,9.5,4
16,1994,9.62,9.6,9.7,4
16,1995,9.12,9.0,9.3,4
16,1996,9.82,9.6,9.9,4
16,1997,9.82,9.7,10.0,4
16,1998,9.5,9.5,9.5,4
16,1999,9.43,8.9,9.7,4
16,2000,8.15,7.8,8.6,4
16,2001,7.62,7.6,7.7,4
16,2002,7.6,7.5,7.7,4
16,2003,8.12,7.9,8.3,4
16,2004,8.4,8.3,8.6,4
16,2005,8.57,8.3,8.8,4
16,2006,8.52,8.0,8.8,4
16,2007,7.9,7.6,8.2,4
16,2008,7.52,7.3,7.9,4
16,2009,9.18,8.7,9.5,4
16,2010,9.02,9.0,9.1,4
16,2011,9.18,9.0,9.5,4
16,2012,10.05,9.7,10.5,4
16,2013,10.32,10.1,10.5,4
16,2014,10.07,9.9,10.3,4
16,2015,10.07,9.9,10.2,4
16,2016,9.7,9.5,9.9,4
16,2017,8.93,8.5,9.1,4
16,2018,8.6,8.4,8.8,4
16,2019,8.07,7.9,8.3,4
16,2020,7.78,7.2,8.7,4
16,2021,7.4,7.0,7.7,4
16,2022,6.9,6.7,7.0,4
16,2023,6.85,6.6,7.2,4
16,2024,7.38,7.3,7.5,4
16,2025,7.7,7.5,7.9,4
17,1982,9.2,8.9,9.5,4
17,1983,9.62,9.5,9.8,4
17,1984,10.8,10.3,11.2,4
17,1985,11.2,11.1,11.4,4
17,1986,11.4,11.2,11.5,4
17,1987,11.32,11.2,11.5,4
17,1988,10.95,10.7,11.2,4
17,1989,10.25,10.1,10.5,4
17,1990,10.07,10.0,10.1,4
17,1991,10.15,9.9,10.5,4
17,1992,11.0,10.8,11.1,4
17,1993,11.58,11.2,12.1,4
17,1994,12.22,12.0,12.4,4
17,1995,11.42,11.2,11.7,4
17,1996,11.65,11.6,11.7,4
17,1997,11.5,11.5,11.5,4
17,1998,11.2,11.1,11.3,4
17,1999,11.08,10.7,11.3,4
17,2000,9.65,9.1,10.2,4
17,2001,8.8,8.6,9.0,4
17,2002,8.43,8.4,8.5,4
17,2003,8.9,8.7,9.2,4
17,2004,9.3,9.2,9.4,4
17,2005,9.38,9.1,9.6,4
17,2006,9.28,8.7,9.6,4
17,2007,8.3,7.8,8.8,4
17,2008,7.72,7.4,8.2,4
17,2009,9.5,8.9,10.0,4
17,2010,9.57,9.5,9.7,4
17,2011,9.32,9.2,9.4,4
17,2012,9.82,9.5,10.2,4
17,2013,10.48,10.3,10.7,4
17,2014,10.42,10.2,10.7,4
17,2015,10.7,10.5,10.9,4
17,2016,10.25,10.1,10.5,4
17,2017,9.48,9.0,9.7,4
17,2018,9.02,8.8,9.3,4
17,2019,8.45,8.2,8.8,4
17,2020,8.18,7.7,9.1,4
17,2021,7.72,7.1,8.1,4
17,2022,6.9,6.6,7.1,4
17,2023,6.75,6.6,7.0,4
17,2024,6.88,6.8,7.0,4
17,2025,7.12,6.9,7.4,4
18,1982,5.68,5.6,5.8,4
18,1983,5.95,5.6,6.5,4
18,1984,7.62,7.1,8.1,4
18,1985,7.92,7.8,8.1,4
18,1986,8.1,8.0,8.2,4
18,1987,7.98,7.8,8.2,4
18,1988,7.55,7.3,7.8,4
18,1989,7.08,6.9,7.3,4
18,1990,7.0,7.0,7.0,4
18,1991,7.45,7.0,8.0,4
18,1992,8.28,8.2,8.4,4
18,1993,8.95,8.4,9.5,4
18,1994,9.75,9.7,9.8,4
18,1995,9.12,8.9,9.4,4
18,1996,10.0,9.5,10.4,4
18,1997,10.35,10.1,10.5,4
18,1998,9.43,9.2,9.7,4
18,1999,9.12,8.8,9.3,4
18,2000,8.0,7.6,8.5,4
18,2001,7.32,7.3,7.4,4
18,2002,7.25,7.2,7.3,4
18,2003,7.82,7.5,8.2,4
18,2004,8.38,8.3,8.5,4
18,2005,8.4,8.2,8.6,4
18,2006,8.32,7.9,8.6,4
18,2007,7.35,6.9,7.8,4
18,2008,6.78,6.5,7.1,4
18,2009,8.48,7.8,9.0,4
18,2010,8.98,8.9,9.0,4
18,2011,9.07,8.9,9.4,4
18,2012,9.72,9.4,10.1,4
18,2013,10.32,10.1,10.5,4
18,2014,10.18,10.0,10.4,4
18,2015,10.48,10.3,10.6,4
18,2016,10.4,10.2,10.6,4
18,2017,9.73,9.4,9.9,4
18,2018,9.32,9.0,9.7,4
18,2019,8.75,8.6,9.0,4
18,2020,8.05,7.3,8.8,4
18,2021,7.8,7.4,8.1,4
18,2022,7.45,7.3,7.6,4
18,2023,7.25,7.2,7.3,4
18,2024,7.05,6.9,7.2,4
18,2025,7.3,7.1,7.6,4
19,1982,5.1,4.9,5.3,4
19,1983,5.55,5.3,5.9,4
19,1984,6.92,6.2,7.6,4
19,1985,7.95,7.8,8.2,4
19,1986,8.05,8.0,8.1,4
19,1987,7.92,7.8,8.0,4
19,1988,7.45,7.2,7.7,4
19,1989,6.9,6.8,7.1,4
19,1990,7.18,7.0,7.3,4
19,1991,7.38,7.3,7.5,4
19,1992,7.75,7.7,7.8,4
19,1993,8.02,7.8,8.3,4
19,1994,8.2,7.8,8.5,4
19,1995,7.32,7.2,7.5,4
19,1996,7.68,7.5,7.8,4
19,1997,7.78,7.7,7.8,4
19,1998,7.6,7.6,7.6,4
19,1999,7.2,6.7,7.6,4
19,2000,6.02,5.6,6.5,4
19,2001,5.28,5.2,5.3,4
19,2002,5.15,5.1,5.2,4
19,2003,5.72,5.5,6.0,4
19,2004,6.12,6.1,6.2,4
19,2005,6.08,5.9,6.2,4
19,2006,5.92,5.5,6.2,4
19,2007,5.3,5.0,5.6,4
19,2008,5.05,4.8,5.4,4
19,2009,6.52,6.2,6.7,4
19,2010,6.4,6.3,6.5,4
19,2011,6.62,6.5,6.9,4
19,2012,7.52,7.1,8.1,4
19,2013,8.07,7.8,8.3,4
19,2014,7.98,7.8,8.2,4
19,2015,8.22,8.1,8.3,4
19,2016,8.18,8.0,8.4,4
19,2017,7.45,7.1,7.6,4
19,2018,7.18,6.9,7.4,4
19,2019,6.72,6.6,6.9,4
19,2020,6.48,5.8,7.2,4
19,2021,6.38,6.1,6.6,4
19,2022,6.02,5.9,6.1,4
19,2023,5.98,5.9,6.1,4
19,2024,5.95,5.8,6.1,4
19,2025,5.95,5.9,6.0,4
21,1982,6.4,6.3,6.6,4
21,1983,6.85,6.6,7.2,4
21,1984,8.07,7.6,8.4,4
21,1985,8.1,7.9,8.4,4
21,1986,8.1,7.9,8.2,4
21,1987,8.6,8.4,8.8,4
21,1988,8.07,7.8,8.5,4
21,1989,7.4,7.1,7.7,4
21,1990,6.7,6.6,6.9,4
21,1991,7.0,6.7,7.3,4
21,1992,7.85,7.6,8.1,4
21,1993,8.5,8.2,8.8,4
21,1994,9.12,9.0,9.2,4
21,1995,8.65,8.5,8.8,4
21,1996,8.88,8.8,8.9,4
21,1997,8.9,8.7,9.0,4
21,1998,8.38,8.3,8.5,4
21,1999,8.12,7.7,8.4,4
21,2000,6.92,6.4,7.4,4
21,2001,6.22,6.2,6.3,4
21,2002,6.38,6.3,6.4,4
21,2003,6.95,6.7,7.2,4
21,2004,7.12,7.0,7.3,4
21,2005,7.15,7.0,7.3,4
21,2006,7.08,6.7,7.3,4
21,2007,6.45,6.1,6.8,4
21,2008,5.85,5.6,6.2,4
21,2009,7.4,6.9,7.9,4
21,2010,7.6,7.5,7.7,4
21,2011,7.4,7.3,7.5,4
21,2012,8.07,7.6,8.6,4
21,2013,8.7,8.4,8.9,4
21,2014,8.55,8.4,8.8,4
21,2015,8.8,8.7,8.9,4
21,2016,8.5,8.3,8.8,4
21,2017,7.8,7.4,8.0,4
21,2018,7.35,7.1,7.6,4
21,2019,6.85,6.6,7.1,4
21,2020,6.28,5.7,7.0,4
21,2021,5.92,5.5,6.2,4
21,2022,5.6,5.5,5.7,4
21,2023,5.68,5.5,5.8,4
21,2024,5.75,5.7,5.8,4
21,2025,6.02,5.8,6.3,4
22,1982,7.42,7.1,7.7,4
22,1983,7.88,7.7,8.2,4
22,1984,9.25,8.7,9.9,4
22,1985,9.9,9.7,10.1,4
22,1986,9.65,9.6,9.7,4
22,1987,9.45,9.2,9.6,4
22,1988,8.75,8.6,9.0,4
22,1989,8.35,8.2,8.5,4
22,1990,8.0,7.8,8.1,4
22,1991,7.68,7.6,7.8,4
22,1992,8.15,8.0,8.3,4
22,1993,8.62,8.4,8.9,4
22,1994,9.1,9.0,9.2,4
22,1995,8.55,8.4,8.8,4
22,1996,8.85,8.7,8.9,4
22,1997,8.88,8.8,8.9,4
22,1998,8.4,8.3,8.6,4
22,1999,8.05,7.5,8.5,4
22,2000,6.7,6.3,7.1,4
22,2001,6.12,6.1,6.2,4
22,2002,6.28,6.2,6.4,4
22,2003,6.8,6.7,7.0,4
22,2004,7.0,6.9,7.1,4
22,2005,6.98,6.8,7.2,4
22,2006,7.05,6.7,7.3,4
22,2007,6.4,6.0,6.7,4
22,2008,5.9,5.5,6.3,4
22,2009,7.3,6.8,7.7,4
22,2010,7.57,7.5,7.6,4
22,2011,7.65,7.5,7.9,4
22,2012,8.22,7.9,8.6,4
22,2013,8.93,8.8,9.0,4
22,2014,9.02,8.9,9.3,4
22,2015,9.12,9.1,9.2,4
22,2016,9.0,8.7,9.2,4
22,2017,8.32,8.0,8.5,4
22,2018,7.92,7.7,8.2,4
22,2019,7.42,7.1,7.7,4
22,2020,7.05,6.6,7.8,4
22,2021,6.85,6.4,7.1,4
22,2022,6.28,6.2,6.4,4
22,2023,6.28,6.1,6.4,4
22,2024,6.25,6.1,6.4,4
22,2025,6.3,6.2,6.4,4
23,1982,5.68,5.6,5.7,4
23,1983,6.28,5.8,6.8,4
23,1984,8.2,7.6,8.6,4
23,1985,8.35,8.2,8.4,4
23,1986,8.38,8.3,8.4,4
23,1987,8.67,8.6,8.7,4
23,1988,8.57,8.4,8.8,4
23,1989,8.17,8.1,8.2,4
23,1990,7.72,7.5,8.0,4
23,1991,7.6,7.5,7.8,4
23,1992,8.02,7.9,8.1,4
23,1993,8.35,8.2,8.6,4
23,1994,8.82,8.6,9.0,4
23,1995,8.15,8.0,8.3,4
23,1996,8.62,8.5,8.7,4
23,1997,8.85,8.8,8.9,4
23,1998,8.7,8.6,8.8,4
23,1999,8.65,8.4,8.8,4
23,2000,7.5,7.1,7.9,4
23,2001,7.0,6.9,7.1,4
23,2002,6.48,6.3,6.7,4
23,2003,6.98,6.6,7.2,4
23,2004,7.4,7.3,7.5,4
23,2005,7.45,7.3,7.6,4
23,2006,7.3,6.8,7.6,4
23,2007,6.95,6.6,7.2,4
23,2008,6.68,6.3,7.0,4
23,2009,7.9,7.5,8.2,4
23,2010,8.43,8.2,8.7,4
23,2011,8.88,8.8,9.0,4
23,2012,9.43,9.1,9.8,4
23,2013,9.8,9.6,9.9,4
23,2014,9.45,9.3,9.6,4
23,2015,9.52,9.4,9.7,4
23,2016,9.12,8.9,9.4,4
23,2017,8.52,8.3,8.6,4
23,2018,8.5,8.3,8.7,4
23,2019,7.88,7.6,8.3,4
23,2020,7.1,6.3,7.8,4
23,2021,7.0,6.9,7.1,4
23,2022,6.98,6.8,7.1,4
23,2023,7.02,6.8,7.3,4
23,2024,7.05,6.9,7.3,4
23,2025,6.93,6.9,7.0,4
24,1982,5.9,5.7,6.1,4
24,1983,6.78,6.1,7.5,4
24,1984,8.05,7.6,8.6,4
24,1985,8.95,8.9,9.0,4
24,1986,9.0,8.9,9.1,4
24,1987,8.98,8.8,9.2,4
24,1988,8.6,8.3,8.9,4
24,1989,8.18,8.1,8.3,4
24,1990,7.95,7.8,8.1,4
24,1991,8.02,7.8,8.3,4
24,1992,8.5,8.4,8.7,4
24,1993,9.02,8.8,9.4,4
24,1994,9.4,9.1,9.6,4
24,1995,8.75,8.6,8.9,4
24,1996,9.32,9.1,9.5,4
24,1997,9.55,9.5,9.6,4
24,1998,9.45,9.4,9.5,4
24,1999,9.18,8.7,9.5,4
24,2000,8.18,7.8,8.5,4
24,2001,7.45,7.3,7.6,4
24,2002,7.12,7.1,7.2,4
24,2003,7.78,7.6,8.1,4
24,2004,8.15,8.1,8.3,4
24,2005,8.3,7.9,8.6,4
24,2006,8.28,7.9,8.6,4
24,2007,7.5,7.1,7.9,4
24,2008,7.12,6.7,7.6,4
24,2009,8.75,8.3,9.1,4
24,2010,9.02,8.9,9.1,4
24,2011,9.43,9.2,9.8,4
24,2012,10.28,9.9,10.6,4
24,2013,10.62,10.5,10.7,4
24,2014,10.58,10.4,10.8,4
24,2015,10.68,10.4,10.9,4
24,2016,10.28,10.2,10.4,4
24,2017,9.65,9.2,9.9,4
24,2018,9.1,8.8,9.4,4
24,2019,8.52,8.2,8.8,4
24,2020,8.0,7.4,8.9,4
24,2021,7.6,7.2,7.8,4
24,2022,7.2,7.1,7.3,4
24,2023,7.12,7.0,7.3,4
24,2024,7.1,6.9,7.3,4
24,2025,7.3,7.1,7.5,4
25,1982,6.78,6.5,7.0,4
25,1983,7.08,6.8,7.5,4
25,1984,8.15,7.9,8.3,4
25,1985,8.2,8.1,8.3,4
25,1986,8.25,8.2,8.4,4
25,1987,8.75,8.7,8.8,4
25,1988,8.28,7.6,8.8,4
25,1989,6.78,6.4,7.2,4
25,1990,6.05,5.9,6.2,4
25,1991,6.52,6.3,6.8,4
25,1992,7.4,7.1,7.7,4
25,1993,8.2,7.8,8.5,4
25,1994,8.32,7.9,8.6,4
25,1995,7.38,7.2,7.6,4
25,1996,8.07,7.7,8.4,4
25,1997,8.55,8.4,8.6,4
25,1998,8.0,7.9,8.2,4
25,1999,7.65,7.1,8.0,4
25,2000,6.12,5.4,6.7,4
25,2001,5.4,5.1,6.0,4
25,2002,6.43,6.4,6.5,4
25,2003,7.2,6.9,7.8,4
25,2004,7.78,7.7,8.0,4
25,2005,7.9,7.6,8.1,4
25,2006,8.25,7.9,8.4,4
25,2007,7.32,6.8,7.9,4
25,2008,6.82,6.6,7.3,4
25,2009,9.32,8.7,9.7,4
25,2010,9.15,8.7,9.5,4
25,2011,8.38,8.3,8.5,4
25,2012,8.9,8.4,9.4,4
25,2013,9.48,9.3,9.6,4
25,2014,9.4,9.3,9.6,4
25,2015,9.48,9.3,9.6,4
25,2016,9.12,9.0,9.3,4
25,2017,8.25,7.6,8.7,4
25,2018,7.72,7.5,7.9,4
25,2019,7.57,7.5,7.6,4
25,2020,7.48,6.9,8.5,4
25,2021,7.2,6.8,7.6,4
25,2022,6.5,6.3,6.6,4
25,2023,6.5,6.3,6.7,4
25,2024,6.85,6.7,7.0,4
25,2025,7.5,7.3,7.7,4
26,1982,6.1,5.8,6.4,4
26,1983,6.7,6.4,7.1,4
26,1984,8.12,7.5,8.6,4
26,1985,8.6,8.4,8.8,4
26,1986,8.5,8.3,8.7,4
26,1987,8.67,8.6,8.7,4
26,1988,8.7,8.6,8.8,4
26,1989,8.45,8.3,8.6,4
26,1990,8.3,8.2,8.4,4
26,1991,8.85,8.4,9.3,4
26,1992,10.2,9.8,10.6,4
26,1993,11.4,10.8,12.0,4
26,1994,12.08,11.7,12.3,4
26,1995,11.12,10.9,11.4,4
26,1996,11.7,11.5,11.8,4
26,1997,11.45,11.3,11.7,4
26,1998,11.0,10.9,11.1,4
26,1999,10.62,10.2,10.9,4
26,2000,8.93,8.2,9.9,4
26,2001,7.98,7.9,8.1,4
26,2002,8.22,8.1,8.5,4
26,2003,9.0,8.9,9.1,4
26,2004,9.02,8.9,9.2,4
26,2005,9.1,8.8,9.4,4
26,2006,9.1,8.7,9.5,4
26,2007,8.45,7.9,8.9,4
26,2008,7.98,7.5,8.4,4
26,2009,9.52,9.1,10.1,4
26,2010,9.57,9.5,9.7,4
26,2011,9.55,9.3,9.8,4
26,2012,10.35,9.9,10.8,4
26,2013,10.85,10.6,11.0,4
26,2014,10.78,10.6,11.1,4
26,2015,11.18,11.0,11.3,4
26,2016,10.92,10.8,11.1,4
26,2017,10.12,9.7,10.4,4
26,2018,9.78,9.5,10.0,4
26,2019,9.18,8.9,9.5,4
26,2020,8.62,7.9,9.5,4
26,2021,8.5,8.1,8.7,4
26,2022,7.82,7.7,8.0,4
26,2023,7.95,7.7,8.2,4
26,2024,7.88,7.6,8.1,4
26,2025,7.88,7.7,8.1,4
27,1982,6.82,6.8,6.9,4
27,1983,7.32,7.0,7.7,4
27,1984,8.7,8.2,9.0,4
27,1985,8.95,8.9,9.1,4
27,1986,8.83,8.8,8.9,4
27,1987,8.95,8.6,9.2,4
27,1988,8.22,8.0,8.4,4
27,1989,7.58,7.4,7.8,4
27,1990,7.02,6.9,7.3,4
27,1991,7.48,7.1,7.8,4
27,1992,8.3,8.1,8.5,4
27,1993,9.32,8.7,10.0,4
27,1994,10.15,10.0,10.2,4
27,1995,9.55,9.4,9.7,4
27,1996,10.38,10.1,10.5,4
27,1997,10.18,9.9,10.5,4
27,1998,9.32,9.2,9.5,4
27,1999,8.98,8.3,9.4,4
27,2000,7.38,7.0,7.8,4
27,2001,6.68,6.5,6.9,4
27,2002,7.1,7.0,7.2,4
27,2003,7.72,7.6,8.0,4
27,2004,8.15,8.0,8.2,4
27,2005,8.22,8.0,8.4,4
27,2006,8.4,8.0,8.6,4
27,2007,7.55,7.0,8.1,4
27,2008,6.95,6.7,7.3,4
27,2009,9.1,8.5,9.5,4
27,2010,9.25,9.2,9.3,4
27,2011,9.2,9.1,9.4,4
27,2012,10.07,9.7,10.5,4
27,2013,10.6,10.4,10.8,4
27,2014,10.4,10.3,10.5,4
27,2015,10.38,10.3,10.5,4
27,2016,10.25,10.1,10.4,4
27,2017,9.5,9.0,9.7,4
27,2018,9.07,8.8,9.3,4
27,2019,8.38,8.1,8.7,4
27,2020,7.98,7.3,8.8,4
27,2021,7.75,7.3,8.1,4
27,2022,7.0,6.7,7.3,4
27,2023,6.95,6.7,7.2,4
27,2024,7.0,6.9,7.1,4
27,2025,7.22,7.1,7.4,4
28,1982,5.88,5.8,6.0,4
28,1983,6.05,5.8,6.4,4
28,1984,7.12,6.7,7.4,4
28,1985,7.58,7.4,7.8,4
28,1986,7.85,7.7,8.0,4
28,1987,7.98,7.5,8.2,4
28,1988,6.78,6.5,7.1,4
28,1989,6.15,6.1,6.3,4
28,1990,5.7,5.6,5.9,4
28,1991,6.0,5.7,6.3,4
28,1992,6.9,6.6,7.3,4
28,1993,8.1,7.6,8.6,4
28,1994,8.6,8.2,8.8,4
28,1995,7.45,7.2,7.8,4
28,1996,8.28,7.9,8.6,4
28,1997,8.38,8.2,8.6,4
28,1998,7.78,7.6,8.0,4
28,1999,7.38,6.9,7.7,4
28,2000,6.05,5.7,6.4,4
28,2001,5.58,5.4,5.8,4
28,2002,6.2,6.0,6.4,4
28,2003,7.0,6.7,7.4,4
28,2004,7.68,7.5,7.9,4
28,2005,7.85,7.7,8.0,4
28,2006,7.58,7.1,8.0,4
28,2007,6.65,6.1,7.1,4
28,2008,6.25,5.9,6.7,4
28,2009,8.18,7.6,8.6,4
28,2010,8.45,8.4,8.5,4
28,2011,8.35,8.3,8.4,4
28,2012,9.07,8.6,9.6,4
28,2013,9.57,9.4,9.7,4
28,2014,9.6,9.5,9.8,4
28,2015,9.65,9.5,9.8,4
28,2016,9.45,9.3,9.6,4
28,2017,8.88,8.4,9.1,4
28,2018,8.5,8.3,8.7,4
28,2019,8.15,7.9,8.4,4
28,2020,7.38,6.7,8.1,4
28,2021,7.02,6.7,7.3,4
28,2022,6.75,6.7,6.8,4
28,2023,6.82,6.6,7.0,4
28,2024,6.9,6.7,7.1,4
28,2025,7.0,6.9,7.2,4
29,1982,6.88,6.5,7.3,4
29,1983,7.52,7.2,8.0,4
29,1984,8.8,8.4,9.2,4
29,1985,9.38,9.1,9.5,4
29,1986,9.07,8.9,9.3,4
29,1987,9.07,8.9,9.3,4
29,1988,8.75,8.6,9.0,4
29,1989,8.3,8.1,8.5,4
29,1990,7.85,7.7,8.0,4
29,1991,7.85,7.7,8.0,4
29,1992,8.12,8.1,8.2,4
29,1993,8.5,8.3,8.8,4
29,1994,8.93,8.8,9.0,4
29,1995,8.45,8.3,8.7,4
29,1996,8.75,8.6,8.8,4
29,1997,8.83,8.8,8.9,4
29,1998,8.62,8.6,8.7,4
29,1999,8.38,7.8,8.8,4
29,2000,7.2,6.8,7.6,4
29,2001,6.6,6.6,6.6,4
29,2002,6.6,6.5,6.7,4
29,2003,7.02,6.9,7.2,4
29,2004,7.4,7.3,7.5,4
29,2005,7.52,7.3,7.7,4
29,2006,7.6,7.2,7.8,4
29,2007,7.02,6.6,7.4,4
29,2008,6.48,6.3,6.8,4
29,2009,7.8,7.3,8.3,4
29,2010,7.95,7.8,8.1,4
29,2011,7.82,7.7,8.0,4
29,2012,8.5,8.2,8.9,4
29,2013,9.07,8.9,9.3,4
29,2014,9.05,8.9,9.2,4
29,2015,9.22,9.1,9.4,4
29,2016,8.95,8.7,9.2,4
29,2017,8.2,7.8,8.4,4
29,2018,7.82,7.6,8.0,4
29,2019,7.32,7.1,7.6,4
29,2020,6.98,6.5,7.7,4
29,2021,6.7,6.3,7.0,4
29,2022,6.12,6.0,6.2,4
29,2023,6.22,6.0,6.4,4
29,2024,6.15,6.0,6.3,4
29,2025,6.48,6.2,6.7,4
30,1982,8.6,8.2,8.9,4
30,1983,9.22,9.0,9.5,4
30,1984,10.8,10.3,11.3,4
30,1985,11.6,11.4,11.7,4
30,1986,11.48,11.2,11.7,4
30,1987,11.8,11.7,11.9,4
30,1988,11.52,11.3,11.7,4
30,1989,10.8,10.6,11.0,4
30,1990,11.15,11.0,11.3,4
30,1991,11.7,11.3,12.1,4
30,1992,12.78,12.4,13.1,4
30,1993,13.55,13.3,13.9,4
30,1994,14.18,14.1,14.3,4
30,1995,13.72,13.6,13.8,4
30,1996,14.5,14.2,14.7,4
30,1997,14.88,14.8,14.9,4
30,1998,14.9,14.8,15.0,4
30,1999,14.9,14.6,15.1,4
30,2000,13.35,12.5,14.2,4
30,2001,11.95,11.8,12.1,4
30,2002,11.65,11.6,11.7,4
30,2003,11.82,11.6,12.0,4
30,2004,11.85,11.7,12.0,4
30,2005,11.75,11.4,12.1,4
30,2006,12.02,11.4,12.3,4
30,2007,10.98,10.3,11.6,4
30,2008,10.12,9.8,10.5,4
30,2009,11.8,11.2,12.3,4
30,2010,11.8,11.7,12.0,4
30,2011,11.85,11.7,12.1,4
30,2012,12.58,12.1,13.1,4
30,2013,13.48,13.4,13.7,4
30,2014,13.7,13.4,14.1,4
30,2015,13.82,13.7,14.0,4
30,2016,13.35,13.1,13.5,4
30,2017,12.55,12.2,12.8,4
30,2018,12.2,11.9,12.6,4
30,2019,11.65,11.2,12.2,4
30,2020,10.65,9.5,11.7,4
30,2021,10.52,10.1,10.9,4
30,2022,9.93,9.8,10.1,4
30,2023,10.0,9.8,10.2,4
30,2024,9.82,9.5,10.1,4
30,2025,9.95,9.7,10.3,4
31,1982,8.12,7.9,8.3,4
31,1983,7.88,7.8,8.0,4
31,1984,8.5,8.4,8.6,4
31,1985,8.72,8.7,8.8,4
31,1986,8.45,8.4,8.5,4
31,1987,8.62,8.6,8.7,4
31,1988,8.7,8.6,8.8,4
31,1989,8.43,8.3,8.5,4
31,1990,7.88,7.6,8.3,4
31,1991,8.05,7.7,8.4,4
31,1992,9.28,8.8,9.7,4
31,1993,10.18,9.9,10.5,4
31,1994,10.7,10.6,10.8,4
31,1995,10.28,10.2,10.4,4
31,1996,11.0,10.7,11.2,4
31,1997,11.4,11.4,11.4,4
31,1998,11.18,11.1,11.2,4
31,1999,11.18,10.8,11.4,4
31,2000,9.98,9.7,10.3,4
31,2001,9.32,9.0,9.5,4
31,2002,8.88,8.8,9.0,4
31,2003,9.07,8.9,9.3,4
31,2004,9.32,9.2,9.4,4
31,2005,9.25,9.0,9.5,4
31,2006,9.18,8.7,9.5,4
31,2007,8.22,7.6,8.8,4
31,2008,7.48,7.2,7.8,4
31,2009,8.93,8.4,9.3,4
31,2010,9.2,9.2,9.2,4
31,2011,9.18,9.0,9.4,4
31,2012,9.72,9.4,10.0,4
31,2013,10.3,10.2,10.4,4
31,2014,10.48,10.3,10.7,4
31,2015,10.6,10.5,10.7,4
31,2016,10.1,9.9,10.4,4
31,2017,9.2,8.6,9.5,4
31,2018,8.55,8.2,8.8,4
31,2019,8.05,7.9,8.3,4
31,2020,7.98,7.1,8.9,4
31,2021,8.1,7.6,8.5,4
31,2022,7.38,7.2,7.6,4
31,2023,7.3,7.1,7.5,4
31,2024,7.58,7.5,7.7,4
31,2025,8.32,8.0,8.7,4
32,1982,5.5,5.3,5.6,4
32,1983,5.98,5.7,6.2,4
32,1984,6.72,6.3,7.2,4
32,1985,6.78,6.5,7.3,4
32,1986,6.6,6.4,6.7,4
32,1987,6.7,6.5,6.8,4
32,1988,6.2,6.1,6.3,4
32,1989,5.98,5.9,6.0,4
32,1990,5.78,5.7,5.9,4
32,1991,5.82,5.6,6.1,4
32,1992,6.62,6.4,6.9,4
32,1993,7.18,7.1,7.3,4
32,1994,7.38,7.2,7.5,4
32,1995,6.75,6.6,7.0,4
32,1996,6.9,6.7,7.0,4
32,1997,7.18,7.1,7.2,4
32,1998,7.2,7.1,7.3,4
32,1999,6.9,6.6,7.1,4
32,2000,6.3,6.0,6.5,4
32,2001,5.7,5.6,5.8,4
32,2002,5.43,5.4,5.5,4
32,2003,5.7,5.6,5.9,4
32,2004,6.0,5.9,6.2,4
32,2005,6.12,5.9,6.4,4
32,2006,6.25,5.9,6.5,4
32,2007,5.65,5.4,5.9,4
32,2008,5.38,5.1,5.6,4
32,2009,6.52,6.1,6.9,4
32,2010,6.75,6.7,6.8,4
32,2011,6.88,6.8,7.0,4
32,2012,7.35,7.1,7.7,4
32,2013,8.0,7.8,8.2,4
32,2014,7.95,7.8,8.2,4
32,2015,8.28,8.2,8.4,4
32,2016,8.02,7.8,8.3,4
32,2017,7.22,6.8,7.5,4
32,2018,6.72,6.5,6.9,4
32,2019,6.35,6.2,6.6,4
32,2020,6.0,5.3,6.8,4
32,2021,6.1,5.8,6.3,4
32,2022,5.65,5.5,5.8,4
32,2023,5.62,5.5,5.7,4
32,2024,5.52,5.4,5.6,4
32,2025,5.88,5.7,6.1,4
33,1982,8.57,8.3,8.7,4
33,1983,8.62,8.5,8.8,4
33,1984,9.75,9.4,10.1,4
33,1985,10.0,9.9,10.1,4
33,1986,9.98,9.8,10.1,4
33,1987,10.1,10.0,10.2,4
33,1988,9.75,9.6,9.9,4
33,1989,9.2,9.1,9.4,4
33,1990,8.62,8.5,8.9,4
33,1991,8.82,8.5,9.3,4
33,1992,10.05,9.7,10.3,4
33,1993,10.85,10.5,11.2,4
33,1994,11.4,11.3,11.5,4
33,1995,11.1,11.0,11.2,4
33,1996,11.55,11.4,11.6,4
33,1997,11.58,11.4,11.7,4
33,1998,11.05,11.0,11.2,4
33,1999,10.6,10.1,11.0,4
33,2000,9.07,8.5,9.7,4
33,2001,8.2,8.2,8.2,4
33,2002,8.2,8.2,8.2,4
33,2003,8.75,8.6,9.1,4
33,2004,9.15,9.1,9.2,4
33,2005,9.18,9.0,9.3,4
33,2006,8.9,8.4,9.3,4
33,2007,7.9,7.4,8.4,4
33,2008,7.25,7.0,7.6,4
33,2009,8.62,8.1,9.1,4
33,2010,8.98,8.9,9.0,4
33,2011,9.12,8.9,9.4,4
33,2012,9.62,9.4,9.9,4
33,2013,9.98,9.9,10.1,4
33,2014,10.07,9.9,10.3,4
33,2015,10.28,10.2,10.4,4
33,2016,9.98,9.8,10.1,4
33,2017,9.38,9.0,9.6,4
33,2018,8.75,8.4,9.1,4
33,2019,8.1,7.8,8.4,4
33,2020,7.62,7.0,8.5,4
33,2021,7.28,6.8,7.6,4
33,2022,6.55,6.4,6.7,4
33,2023,6.42,6.2,6.7,4
33,2024,6.75,6.7,6.8,4
33,2025,7.28,6.9,7.6,4
34,1982,9.65,9.2,10.0,4
34,1983,10.2,9.9,10.6,4
34,1984,11.78,11.2,12.5,4
34,1985,12.35,11.6,12.8,4
34,1986,11.85,11.6,12.1,4
34,1987,11.7,11.4,12.1,4
34,1988,11.52,11.4,11.6,4
34,1989,11.22,11.2,11.3,4
34,1990,11.5,11.4,11.6,4
34,1991,11.92,11.6,12.3,4
34,1992,13.1,12.6,13.5,4
34,1993,14.1,13.7,14.6,4
34,1994,15.0,14.9,15.1,4
34,1995,14.4,14.2,14.6,4
34,1996,14.98,14.8,15.1,4
34,1997,15.55,15.4,15.7,4
34,1998,15.1,15.0,15.2,4
34,1999,15.0,14.6,15.2,4
34,2000,13.5,12.8,14.2,4
34,2001,12.25,12.1,12.4,4
34,2002,12.12,12.0,12.2,4
34,2003,12.23,12.0,12.3,4
34,2004,12.22,12.1,12.4,4
34,2005,12.2,11.9,12.4,4
34,2006,11.98,11.3,12.5,4
34,2007,10.98,10.5,11.4,4
34,2008,10.35,10.0,10.8,4
34,2009,12.2,11.6,12.8,4
34,2010,12.32,12.3,12.4,4
34,2011,12.55,12.3,12.9,4
34,2012,13.48,13.1,14.0,4
34,2013,14.25,14.2,14.4,4
34,2014,14.22,14.1,14.4,4
34,2015,14.08,13.9,14.3,4
34,2016,13.68,13.4,13.9,4
34,2017,12.98,12.6,13.2,4
34,2018,12.55,12.2,12.9,4
34,2019,11.8,11.4,12.3,4
34,2020,11.08,10.0,12.2,4
34,2021,10.78,10.2,11.2,4
34,2022,10.1,9.9,10.3,4
34,2023,10.12,9.9,10.4,4
34,2024,10.22,10.1,10.3,4
34,2025,10.52,10.3,10.8,4
35,1982,7.02,6.9,7.1,4
35,1983,7.15,7.0,7.5,4
35,1984,8.4,7.9,8.7,4
35,1985,8.52,8.4,8.6,4
35,1986,8.82,8.7,8.9,4
35,1987,8.57,8.3,8.8,4
35,1988,8.0,7.8,8.2,4
35,1989,7.32,7.1,7.6,4
35,1990,6.85,6.8,6.9,4
35,1991,6.95,6.8,7.1,4
35,1992,7.42,7.3,7.6,4
35,1993,7.95,7.7,8.2,4
35,1994,8.18,8.0,8.3,4
35,1995,7.7,7.6,7.9,4
35,1996,8.1,8.0,8.2,4
35,1997,8.02,7.9,8.1,4
35,1998,7.58,7.5,7.7,4
35,1999,7.2,6.6,7.7,4
35,2000,5.82,5.3,6.3,4
35,2001,5.25,4.9,5.6,4
35,2002,5.88,5.8,5.9,4
35,2003,6.4,6.2,6.7,4
35,2004,6.32,6.2,6.6,4
35,2005,6.38,6.0,6.7,4
35,2006,6.57,6.3,6.8,4
35,2007,5.92,5.5,6.3,4
35,2008,5.28,5.1,5.7,4
35,2009,7.0,6.5,7.3,4
35,2010,7.05,6.9,7.2,4
35,2011,6.88,6.7,7.1,4
35,2012,7.75,7.3,8.2,4
35,2013,8.22,8.0,8.4,4
35,2014,8.1,8.0,8.3,4
35,2015,8.2,8.1,8.3,4
35,2016,7.9,7.7,8.1,4
35,2017,7.2,6.8,7.5,4
35,2018,6.82,6.6,7.0,4
35,2019,6.42,6.3,6.6,4
35,2020,6.48,6.1,7.2,4
35,2021,5.82,5.3,6.4,4
35,2022,5.38,5.3,5.4,4
35,2023,5.62,5.4,5.9,4
35,2024,5.8,5.7,5.9,4
35,2025,6.25,6.1,6.4,4
36,1982,5.75,5.5,5.9,4
36,1983,6.3,5.9,6.8,4
36,1984,7.95,7.4,8.4,4
36,1985,8.4,8.2,8.5,4
36,1986,8.57,8.5,8.7,4
36,1987,8.6,8.4,8.8,4
36,1988,7.98,7.8,8.2,4
36,1989,7.3,7.2,7.5,4
36,1990,6.98,6.8,7.2,4
36,1991,6.98,6.7,7.3,4
36,1992,7.85,7.7,8.0,4
36,1993,8.48,8.1,8.9,4
36,1994,8.98,8.7,9.1,4
36,1995,8.07,7.9,8.3,4
36,1996,8.7,8.4,9.0,4
36,1997,8.9,8.6,9.1,4
36,1998,8.52,8.5,8.6,4
36,1999,8.28,7.8,8.6,4
36,2000,7.05,6.8,7.4,4
36,2001,6.62,6.6,6.7,4
36,2002,6.52,6.5,6.6,4
36,2003,7.15,6.8,7.6,4
36,2004,7.58,7.3,7.9,4
36,2005,7.82,7.7,8.0,4
36,2006,7.88,7.4,8.1,4
36,2007,6.68,6.2,7.2,4
36,2008,6.15,5.6,6.7,4
36,2009,7.9,7.4,8.4,4
36,2010,8.1,7.9,8.3,4
36,2011,8.05,7.8,8.4,4
36,2012,8.8,8.5,9.2,4
36,2013,9.35,9.2,9.5,4
36,2014,9.5,9.4,9.6,4
36,2015,9.65,9.5,9.7,4
36,2016,9.75,9.6,9.8,4
36,2017,9.1,8.6,9.4,4
36,2018,8.8,8.6,9.0,4
36,2019,8.15,7.9,8.5,4
36,2020,7.85,7.4,8.7,4
36,2021,7.55,7.1,7.8,4
36,2022,7.1,6.9,7.3,4
36,2023,6.98,6.8,7.1,4
36,2024,6.88,6.7,7.1,4
36,2025,6.98,6.8,7.2,4
37,1982,6.38,6.3,6.5,4
37,1983,6.82,6.5,7.4,4
37,1984,8.22,7.8,8.6,4
37,1985,8.72,8.5,8.9,4
37,1986,8.9,8.8,9.0,4
37,1987,9.02,8.8,9.2,4
37,1988,8.52,8.2,8.8,4
37,1989,7.72,7.6,7.9,4
37,1990,7.32,7.2,7.5,4
37,1991,7.4,7.1,7.8,4
37,1992,8.38,8.1,8.7,4
37,1993,9.4,8.9,9.9,4
37,1994,9.93,9.8,10.0,4
37,1995,9.28,9.1,9.5,4
37,1996,9.72,9.5,9.9,4
37,1997,9.85,9.7,10.0,4
37,1998,9.28,9.2,9.4,4
37,1999,8.8,8.2,9.2,4
37,2000,7.28,6.8,7.8,4
37,2001,6.43,6.4,6.5,4
37,2002,6.5,6.5,6.5,4
37,2003,7.08,6.8,7.5,4
37,2004,7.52,7.4,7.6,4
37,2005,7.5,7.3,7.7,4
37,2006,7.4,7.0,7.7,4
37,2007,6.6,6.2,7.0,4
37,2008,6.2,5.9,6.6,4
37,2009,7.75,7.3,8.2,4
37,2010,7.92,7.8,8.0,4
37,2011,7.75,7.6,7.9,4
37,2012,8.4,8.0,8.8,4
37,2013,9.0,8.9,9.1,4
37,2014,9.12,8.9,9.4,4
37,2015,9.28,9.2,9.4,4
37,2016,9.12,9.0,9.3,4
37,2017,8.5,8.1,8.7,4
37,2018,8.12,7.9,8.3,4
37,2019,7.72,7.5,8.0,4
37,2020,7.18,6.7,7.9,4
37,2021,6.82,6.3,7.2,4
37,2022,6.45,6.4,6.6,4
37,2023,6.58,6.3,6.7,4
37,2024,6.62,6.5,6.7,4
37,2025,6.88,6.7,7.1,4
38,1982,5.6,5.4,5.7,4
38,1983,5.72,5.6,6.0,4
38,1984,6.98,6.5,7.3,4
38,1985,7.12,6.9,7.3,4
38,1986,6.85,6.7,7.1,4
38,1987,7.43,7.4,7.5,4
38,1988,7.05,6.8,7.3,4
38,1989,6.42,6.2,6.6,4
38,1990,6.7,6.5,6.9,4
38,1991,7.45,7.0,8.0,4
38,1992,8.78,8.3,9.3,4
38,1993,10.1,9.6,10.5,4
38,1994,10.48,10.1,10.7,4
38,1995,9.48,9.3,9.8,4
38,1996,9.65,9.5,9.7,4
38,1997,9.55,9.5,9.7,4
38,1998,9.07,9.0,9.2,4
38,1999,8.85,8.4,9.1,4
38,2000,7.2,6.5,8.0,4
38,2001,6.1,6.0,6.3,4
38,2002,6.48,6.4,6.5,4
38,2003,7.0,6.9,7.2,4
38,2004,7.28,7.2,7.4,4
38,2005,7.22,7.1,7.3,4
38,2006,7.1,6.7,7.4,4
38,2007,6.55,6.1,6.9,4
38,2008,6.05,5.8,6.3,4
38,2009,7.93,7.3,8.3,4
38,2010,7.82,7.7,8.0,4
38,2011,7.6,7.5,7.7,4
38,2012,8.05,7.8,8.4,4
38,2013,8.3,8.1,8.5,4
38,2014,8.25,8.1,8.4,4
38,2015,8.6,8.4,8.7,4
38,2016,8.4,8.2,8.6,4
38,2017,7.82,7.4,8.0,4
38,2018,7.35,7.1,7.6,4
38,2019,6.9,6.7,7.1,4
38,2020,6.62,6.1,7.4,4
38,2021,6.52,6.1,6.9,4
38,2022,5.88,5.7,6.0,4
38,2023,5.95,5.7,6.2,4
38,2024,6.0,5.9,6.1,4
38,2025,6.28,6.1,6.5,4
39,1982,5.0,5.0,5.0,4
39,1983,4.78,4.7,4.9,4
39,1984,5.48,5.1,6.0,4
39,1985,5.8,5.6,5.9,4
39,1986,5.9,5.8,6.0,4
39,1987,6.07,6.0,6.1,4
39,1988,5.8,5.2,6.2,4
39,1989,4.62,4.5,4.9,4
39,1990,4.18,4.1,4.3,4
39,1991,4.42,4.2,4.6,4
39,1992,5.3,4.9,5.8,4
39,1993,6.3,5.9,6.6,4
39,1994,6.52,6.2,6.7,4
39,1995,5.6,5.4,5.9,4
39,1996,6.1,5.7,6.5,4
39,1997,6.55,6.4,6.6,4
39,1998,6.12,6.0,6.2,4
39,1999,5.88,5.5,6.2,4
39,2000,4.95,4.4,5.3,4
39,2001,4.55,4.3,4.9,4
39,2002,5.32,5.1,5.6,4
39,2003,6.12,5.9,6.5,4
39,2004,6.35,6.3,6.5,4
39,2005,6.42,6.2,6.6,4
39,2006,6.5,6.2,6.7,4
39,2007,5.82,5.6,6.1,4
39,2008,5.72,5.2,6.4,4
39,2009,7.88,7.4,8.2,4
39,2010,7.42,7.0,7.8,4
39,2011,6.72,6.6,6.8,4
39,2012,7.1,6.8,7.5,4
39,2013,7.6,7.5,7.7,4
39,2014,7.55,7.4,7.7,4
39,2015,7.75,7.7,7.9,4
39,2016,7.52,7.3,7.7,4
39,2017,6.85,6.4,7.1,4
39,2018,6.4,6.2,6.6,4
39,2019,6.12,6.0,6.3,4
39,2020,5.8,5.5,6.5,4
39,2021,5.38,4.9,5.7,4
39,2022,5.05,4.9,5.1,4
39,2023,5.22,5.1,5.3,4
39,2024,5.28,5.2,5.4,4
39,2025,5.62,5.5,5.8,4
40,1982,5.6,5.4,5.7,4
40,1983,5.88,5.7,6.2,4
40,1984,6.85,6.5,7.2,4
40,1985,7.1,7.0,7.2,4
40,1986,7.15,6.9,7.4,4
40,1987,7.32,7.2,7.5,4
40,1988,7.25,7.1,7.3,4
40,1989,6.7,6.4,7.0,4
40,1990,6.08,5.9,6.3,4
40,1991,6.28,6.1,6.5,4
40,1992,7.05,6.8,7.3,4
40,1993,7.8,7.5,8.1,4
40,1994,8.12,7.9,8.3,4
40,1995,7.88,7.8,7.9,4
40,1996,8.35,8.3,8.5,4
40,1997,8.22,8.2,8.3,4
40,1998,8.17,8.1,8.2,4
40,1999,8.12,7.8,8.3,4
40,2000,7.3,7.0,7.5,4
40,2001,6.7,6.6,6.8,4
40,2002,6.72,6.7,6.8,4
40,2003,7.2,7.1,7.5,4
40,2004,7.48,7.3,7.6,4
40,2005,7.55,7.3,7.7,4
40,2006,7.58,7.2,7.8,4
40,2007,6.85,6.4,7.3,4
40,2008,6.45,6.1,6.9,4
40,2009,7.85,7.4,8.1,4
40,2010,7.98,7.9,8.1,4
40,2011,8.1,8.0,8.3,4
40,2012,8.8,8.5,9.1,4
40,2013,9.35,9.3,9.4,4
40,2014,9.43,9.3,9.6,4
40,2015,9.6,9.4,9.8,4
40,2016,9.43,9.4,9.5,4
40,2017,9.02,8.6,9.2,4
40,2018,8.5,8.2,8.8,4
40,2019,7.98,7.8,8.2,4
40,2020,7.72,7.2,8.7,4
40,2021,7.45,6.8,7.8,4
40,2022,6.85,6.8,6.9,4
40,2023,6.75,6.6,6.9,4
40,2024,6.65,6.5,6.8,4
40,2025,6.8,6.6,7.0,4
41,1982,5.82,5.7,6.0,4
41,1983,6.48,6.2,6.7,4
41,1984,7.4,7.0,7.7,4
41,1985,7.3,7.2,7.5,4
41,1986,7.55,7.5,7.6,4
41,1987,7.6,7.5,7.7,4
41,1988,7.45,7.2,7.6,4
41,1989,6.5,6.4,6.7,4
41,1990,6.1,6.0,6.2,4
41,1991,6.32,6.1,6.6,4
41,1992,7.4,7.0,7.8,4
41,1993,8.62,8.1,9.1,4
41,1994,9.4,9.2,9.5,4
41,1995,8.4,8.1,8.8,4
41,1996,8.9,8.6,9.2,4
41,1997,8.93,8.7,9.1,4
41,1998,8.62,8.6,8.7,4
41,1999,8.18,7.5,8.6,4
41,2000,6.85,6.4,7.3,4
41,2001,6.0,5.9,6.2,4
41,2002,6.32,6.1,6.6,4
41,2003,7.22,6.9,7.7,4
41,2004,7.75,7.7,7.8,4
41,2005,7.68,7.6,7.8,4
41,2006,7.48,7.1,7.8,4
41,2007,6.68,6.4,7.0,4
41,2008,6.28,6.0,6.8,4
41,2009,8.05,7.6,8.4,4
41,2010,7.95,7.8,8.1,4
41,2011,7.75,7.5,7.9,4
41,2012,8.38,8.0,8.8,4
41,2013,9.07,8.9,9.2,4
41,2014,9.02,8.9,9.2,4
41,2015,9.0,8.9,9.2,4
41,2016,8.68,8.5,8.9,4
41,2017,8.0,7.7,8.2,4
41,2018,7.72,7.5,7.9,4
41,2019,7.15,6.8,7.5,4
41,2020,6.58,6.2,7.3,4
41,2021,6.4,6.0,6.6,4
41,2022,5.98,5.9,6.1,4
41,2023,5.95,5.8,6.1,4
41,2024,6.12,6.0,6.3,4
41,2025,6.4,6.3,6.6,4
42,1982,7.82,7.7,8.0,4
42,1983,8.22,7.9,8.7,4
42,1984,9.93,9.4,10.2,4
42,1985,10.55,10.4,10.7,4
42,1986,10.28,10.2,10.4,4
42,1987,9.95,9.7,10.3,4
42,1988,9.32,9.1,9.6,4
42,1989,8.43,8.2,8.7,4
42,1990,8.55,8.4,8.7,4
42,1991,9.1,8.7,9.6,4
42,1992,10.4,10.0,10.8,4
42,1993,11.48,11.0,11.8,4
42,1994,11.88,11.5,12.1,4
42,1995,10.9,10.7,11.2,4
42,1996,11.42,11.1,11.6,4
42,1997,11.15,10.8,11.4,4
42,1998,9.95,9.6,10.5,4
42,1999,9.6,9.2,9.8,4
42,2000,8.3,7.8,8.8,4
42,2001,7.5,7.5,7.5,4
42,2002,7.52,7.4,7.7,4
42,2003,8.3,8.1,8.6,4
42,2004,8.6,8.5,8.7,4
42,2005,8.52,8.4,8.6,4
42,2006,8.45,7.9,8.8,4
42,2007,7.58,7.0,8.0,4
42,2008,7.08,6.7,7.6,4
42,2009,9.2,8.7,9.5,4
42,2010,9.05,8.9,9.3,4
42,2011,8.9,8.8,9.0,4
42,2012,9.5,9.1,10.0,4
42,2013,10.07,9.9,10.2,4
42,2014,10.02,9.9,10.3,4
42,2015,10.22,10.1,10.4,4
42,2016,9.95,9.7,10.1,4
42,2017,9.2,8.7,9.4,4
42,2018,8.72,8.5,8.9,4
42,2019,8.25,8.1,8.5,4
42,2020,7.9,7.3,8.7,4
42,2021,7.6,7.2,7.9,4
42,2022,7.12,7.0,7.3,4
42,2023,7.38,7.1,7.6,4
42,2024,7.6,7.5,7.7,4
42,2025,7.85,7.7,8.1,4
43,1982,5.78,5.5,6.0,4
43,1983,6.08,5.9,6.3,4
43,1984,7.38,6.8,7.7,4
43,1985,7.42,7.3,7.6,4
43,1986,7.38,7.3,7.4,4
43,1987,7.4,7.3,7.5,4
43,1988,7.25,7.2,7.3,4
43,1989,6.88,6.7,7.0,4
43,1990,6.85,6.8,7.0,4
43,1991,7.0,6.9,7.1,4
43,1992,6.82,6.5,7.2,4
43,1993,6.85,6.5,7.2,4
43,1994,7.68,7.5,7.8,4
43,1995,7.3,7.1,7.5,4
43,1996,7.72,7.6,7.9,4
43,1997,7.48,7.3,7.6,4
43,1998,7.28,7.2,7.4,4
43,1999,7.52,7.3,7.7,4
43,2000,6.52,6.2,7.0,4
43,2001,6.1,6.0,6.3,4
43,2002,6.0,6.0,6.0,4
43,2003,6.42,6.2,6.6,4
43,2004,6.75,6.7,6.8,4
43,2005,6.82,6.5,7.1,4
43,2006,7.05,6.6,7.4,4
43,2007,6.48,6.0,6.8,4
43,2008,6.05,5.7,6.5,4
43,2009,7.32,7.1,7.5,4
43,2010,7.08,7.0,7.2,4
43,2011,7.18,7.0,7.4,4
43,2012,7.9,7.5,8.4,4
43,2013,8.48,8.3,8.6,4
43,2014,8.38,8.3,8.5,4
43,2015,8.4,8.3,8.5,4
43,2016,8.25,8.1,8.5,4
43,2017,7.4,7.0,7.7,4
43,2018,7.05,6.8,7.2,4
43,2019,6.62,6.5,6.8,4
43,2020,6.22,5.8,6.9,4
43,2021,6.0,5.7,6.2,4
43,2022,5.58,5.5,5.7,4
43,2023,5.62,5.5,5.7,4
43,2024,5.6,5.5,5.7,4
43,2025,5.65,5.6,5.8,4
44,1982,8.95,8.8,9.1,4
44,1983,9.32,9.2,9.6,4
44,1984,10.9,10.3,11.6,4
44,1985,11.68,11.6,11.7,4
44,1986,11.68,11.5,11.8,4
44,1987,11.6,11.5,11.7,4
44,1988,11.02,10.6,11.4,4
44,1989,10.07,9.9,10.3,4
44,1990,9.32,9.1,9.5,4
44,1991,9.35,9.1,9.6,4
44,1992,10.32,10.0,10.6,4
44,1993,11.12,10.8,11.5,4
44,1994,11.4,11.1,11.6,4
44,1995,10.48,10.3,10.8,4
44,1996,11.0,10.8,11.1,4
44,1997,10.92,10.7,11.1,4
44,1998,10.32,10.2,10.5,4
44,1999,9.6,9.0,10.1,4
44,2000,7.98,7.4,8.5,4
44,2001,7.25,7.2,7.3,4
44,2002,7.22,7.2,7.3,4
44,2003,7.68,7.5,8.0,4
44,2004,8.05,8.0,8.2,4
44,2005,7.88,7.7,8.0,4
44,2006,7.8,7.5,8.0,4
44,2007,6.92,6.4,7.4,4
44,2008,6.1,5.9,6.5,4
44,2009,7.9,7.2,8.5,4
44,2010,8.05,7.9,8.2,4
44,2011,7.6,7.5,7.7,4
44,2012,7.98,7.7,8.3,4
44,2013,8.52,8.4,8.7,4
44,2014,8.68,8.5,8.9,4
44,2015,8.82,8.7,9.0,4
44,2016,8.3,8.1,8.6,4
44,2017,7.55,7.1,7.8,4
44,2018,7.2,7.0,7.4,4
44,2019,6.82,6.7,7.0,4
44,2020,6.82,6.4,7.6,4
44,2021,6.42,5.9,7.0,4
44,2022,5.68,5.4,5.8,4
44,2023,5.5,5.4,5.6,4
44,2024,5.57,5.5,5.6,4
44,2025,5.98,5.8,6.2,4
45,1982,5.32,5.1,5.6,4
45,1983,5.95,5.6,6.4,4
45,1984,7.08,6.5,7.7,4
45,1985,7.98,7.7,8.2,4
45,1986,7.85,7.7,8.1,4
45,1987,8.0,7.8,8.1,4
45,1988,7.48,7.3,7.7,4
45,1989,6.85,6.6,7.2,4
45,1990,5.95,5.8,6.2,4
45,1991,6.12,5.9,6.4,4
45,1992,6.9,6.7,7.2,4
45,1993,7.88,7.4,8.3,4
45,1994,8.4,8.2,8.5,4
45,1995,7.72,7.5,8.0,4
45,1996,8.12,7.9,8.3,4
45,1997,7.95,7.7,8.2,4
45,1998,7.28,7.2,7.4,4
45,1999,6.98,6.5,7.3,4
45,2000,5.58,5.2,6.0,4
45,2001,4.92,4.8,5.1,4
45,2002,5.45,5.3,5.6,4
45,2003,6.35,6.0,6.8,4
45,2004,6.9,6.8,7.0,4
45,2005,7.02,6.7,7.3,4
45,2006,7.18,6.9,7.4,4
45,2007,6.45,6.1,6.8,4
45,2008,6.05,5.7,6.5,4
45,2009,8.0,7.3,8.6,4
45,2010,8.4,8.4,8.4,4
45,2011,8.38,8.2,8.6,4
45,2012,9.18,8.8,9.6,4
45,2013,9.78,9.7,9.9,4
45,2014,9.95,9.8,10.3,4
45,2015,10.07,10.0,10.2,4
45,2016,9.93,9.8,10.0,4
45,2017,9.05,8.5,9.3,4
45,2018,8.72,8.6,8.8,4
45,2019,8.38,8.0,8.7,4
45,2020,7.62,7.1,8.4,4
45,2021,7.32,7.0,7.5,4
45,2022,7.08,6.9,7.3,4
45,2023,7.12,6.8,7.4,4
45,2024,7.35,7.2,7.4,4
45,2025,7.65,7.5,8.0,4
46,1982,5.42,5.2,5.8,4
46,1983,6.12,5.9,6.4,4
46,1984,7.4,7.0,7.6,4
46,1985,7.75,7.6,7.9,4
46,1986,7.9,7.8,8.0,4
46,1987,8.07,8.0,8.2,4
46,1988,8.15,8.0,8.2,4
46,1989,7.68,7.5,7.9,4
46,1990,7.1,6.8,7.5,4
46,1991,6.78,6.7,6.9,4
46,1992,7.12,7.0,7.3,4
46,1993,7.6,7.4,7.8,4
46,1994,8.0,8.0,8.0,4
46,1995,7.78,7.7,7.9,4
46,1996,8.38,8.1,8.5,4
46,1997,8.55,8.5,8.6,4
46,1998,8.43,8.4,8.5,4
46,1999,8.38,8.1,8.5,4
46,2000,7.52,7.2,7.9,4
46,2001,6.88,6.8,7.0,4
46,2002,6.82,6.8,6.9,4
46,2003,7.3,7.2,7.5,4
46,2004,7.58,7.5,7.7,4
46,2005,7.65,7.3,8.0,4
46,2006,7.8,7.3,8.1,4
46,2007,6.88,6.4,7.3,4
46,2008,6.52,6.1,6.9,4
46,2009,8.02,7.5,8.4,4
46,2010,8.18,8.1,8.3,4
46,2011,8.55,8.3,8.9,4
46,2012,9.18,9.0,9.5,4
46,2013,9.5,9.3,9.7,4
46,2014,9.25,9.2,9.3,4
46,2015,9.18,9.1,9.3,4
46,2016,9.07,9.0,9.1,4
46,2017,8.78,8.5,9.0,4
46,2018,8.57,8.5,8.7,4
46,2019,8.28,8.0,8.6,4
46,2020,7.95,7.3,8.9,4
46,2021,7.82,7.4,8.0,4
46,2022,7.3,7.2,7.4,4
46,2023,7.35,7.3,7.5,4
46,2024,7.2,7.0,7.4,4
46,2025,7.28,7.1,7.4,4
47,1982,7.32,7.1,7.5,4
47,1983,7.6,7.5,7.8,4
47,1984,8.57,8.2,8.8,4
47,1985,9.18,9.0,9.3,4
47,1986,8.95,8.9,9.0,4
47,1987,9.1,9.0,9.2,4
47,1988,8.7,8.4,8.9,4
47,1989,8.65,8.4,8.9,4
47,1990,8.3,8.1,8.6,4
47,1991,8.48,8.1,8.9,4
47,1992,9.4,9.2,9.6,4
47,1993,10.15,9.8,10.5,4
47,1994,10.45,10.2,10.6,4
47,1995,9.78,9.6,10.0,4
47,1996,10.02,10.0,10.1,4
47,1997,10.28,10.2,10.4,4
47,1998,10.25,10.2,10.3,4
47,1999,9.88,9.3,10.3,4
47,2000,8.48,8.1,8.9,4
47,2001,7.75,7.6,7.9,4
47,2002,7.48,7.4,7.6,4
47,2003,8.1,7.9,8.4,4
47,2004,8.48,8.4,8.5,4
47,2005,8.45,8.2,8.8,4
47,2006,8.68,8.4,8.9,4
47,2007,7.8,7.2,8.4,4
47,2008,7.42,6.9,7.9,4
47,2009,8.9,8.5,9.3,4
47,2010,9.25,9.1,9.3,4
47,2011,9.15,8.9,9.5,4
47,2012,9.72,9.4,10.0,4
47,2013,10.02,9.8,10.2,4
47,2014,10.0,9.9,10.2,4
47,2015,10.3,10.2,10.4,4
47,2016,10.15,9.9,10.4,4
47,2017,9.25,8.9,9.5,4
47,2018,8.9,8.7,9.2,4
47,2019,8.55,8.2,8.9,4
47,2020,7.9,7.1,8.7,4
47,2021,7.88,7.6,8.1,4
47,2022,7.45,7.3,7.6,4
47,2023,7.2,7.1,7.4,4
47,2024,7.28,7.1,7.4,4
47,2025,7.68,7.5,7.9,4
48,1982,5.28,5.2,5.4,4
48,1983,5.7,5.4,6.1,4
48,1984,6.62,6.4,6.7,4
48,1985,6.48,6.3,6.7,4
48,1986,6.12,5.9,6.3,4
48,1987,5.85,5.8,5.9,4
48,1988,5.52,5.3,5.7,4
48,1989,4.93,4.9,5.0,4
48,1990,5.2,5.0,5.4,4
48,1991,4.93,4.9,5.0,4
48,1992,5.32,5.3,5.4,4
48,1993,5.32,5.2,5.4,4
48,1994,5.52,5.4,5.6,4
48,1995,5.2,5.0,5.4,4
48,1996,5.78,5.7,5.8,4
48,1997,5.95,5.7,6.2,4
48,1998,6.02,5.9,6.1,4
48,1999,5.9,5.9,5.9,4
48,2000,5.28,4.9,5.7,4
48,2001,4.9,4.9,4.9,4
48,2002,4.78,4.7,4.8,4
48,2003,4.82,4.8,4.9,4
48,2004,5.0,4.9,5.2,4
48,2005,5.1,5.0,5.2,4
48,2006,5.12,4.8,5.3,4
48,2007,4.5,4.1,4.9,4
48,2008,4.02,3.8,4.3,4
48,2009,4.9,4.7,5.0,4
48,2010,4.92,4.8,5.0,4
48,2011,5.25,5.1,5.4,4
48,2012,5.68,5.5,6.0,4
48,2013,6.12,6.0,6.3,4
48,2014,6.0,5.8,6.3,4
48,2015,6.45,6.4,6.5,4
48,2016,6.32,6.2,6.5,4
48,2017,5.95,5.6,6.2,4
48,2018,5.75,5.6,5.9,4
48,2019,5.38,5.2,5.6,4
48,2020,5.15,4.9,5.7,4
48,2021,5.05,4.8,5.2,4
48,2022,4.62,4.6,4.7,4
48,2023,4.72,4.6,4.8,4
48,2024,4.72,4.6,4.8,4
48,2025,4.8,4.8,4.8,4
49,1982,7.35,7.1,7.5,4
49,1983,7.65,7.4,8.0,4
49,1984,9.12,8.6,9.6,4
49,1985,9.68,9.6,9.8,4
49,1986,10.0,9.8,10.1,4
49,1987,10.02,9.9,10.1,4
49,1988,9.62,9.3,9.9,4
49,1989,8.8,8.5,9.1,4
49,1990,7.82,7.5,8.1,4
49,1991,7.7,7.4,8.1,4
49,1992,8.57,8.4,8.7,4
49,1993,9.35,8.9,9.8,4
49,1994,9.88,9.7,10.0,4
49,1995,9.1,8.9,9.4,4
49,1996,9.22,9.1,9.3,4
49,1997,9.18,9.0,9.3,4
49,1998,8.62,8.5,8.8,4
49,1999,8.2,7.6,8.6,4
49,2000,6.98,6.6,7.3,4
49,2001,6.62,6.5,6.8,4
49,2002,6.72,6.7,6.8,4
49,2003,7.3,7.0,7.6,4
49,2004,7.5,7.4,7.6,4
49,2005,7.55,7.3,7.8,4
49,2006,7.68,7.4,7.9,4
49,2007,6.85,6.3,7.3,4
49,2008,6.3,5.9,6.9,4
49,2009,8.2,7.7,8.5,4
49,2010,8.07,7.9,8.2,4
49,2011,7.92,7.8,8.2,4
49,2012,8.62,8.2,9.1,4
49,2013,9.22,9.1,9.4,4
49,2014,9.32,9.2,9.6,4
49,2015,9.57,9.5,9.7,4
49,2016,9.25,9.1,9.5,4
49,2017,8.5,8.1,8.7,4
49,2018,8.12,7.9,8.3,4
49,2019,7.62,7.5,7.8,4
49,2020,7.52,7.1,8.3,4
49,2021,6.98,6.5,7.4,4
49,2022,6.45,6.3,6.6,4
49,2023,6.25,6.1,6.4,4
49,2024,6.35,6.3,6.4,4
49,2025,6.72,6.5,7.1,4
50,1982,6.25,6.1,6.4,4
50,1983,6.6,6.4,7.0,4
50,1984,8.0,7.5,8.5,4
50,1985,8.57,8.4,8.7,4
50,1986,8.52,8.5,8.6,4
50,1987,8.43,8.2,8.6,4
50,1988,7.52,7.4,7.8,4
50,1989,7.3,7.2,7.5,4
50,1990,7.0,6.9,7.2,4
50,1991,6.98,6.8,7.2,4
50,1992,7.72,7.5,7.9,4
50,1993,8.07,7.8,8.5,4
50,1994,8.85,8.8,8.9,4
50,1995,8.3,8.1,8.5,4
50,1996,9.12,8.9,9.3,4
50,1997,9.33,9.3,9.4,4
50,1998,8.95,8.8,9.1,4
50,1999,8.48,8.0,8.8,4
50,2000,7.25,7.0,7.6,4
50,2001,6.85,6.8,6.9,4
50,2002,6.82,6.8,6.9,4
50,2003,7.05,6.9,7.2,4
50,2004,7.38,7.2,7.5,4
50,2005,7.52,7.3,7.7,4
50,2006,7.62,7.3,7.8,4
50,2007,6.9,6.3,7.4,4
50,2008,6.38,6.1,6.8,4
50,2009,7.92,7.7,8.1,4
50,2010,7.78,7.7,7.9,4
50,2011,7.72,7.7,7.8,4
50,2012,7.98,7.7,8.3,4
50,2013,8.38,8.2,8.5,4
50,2014,8.32,8.2,8.4,4
50,2015,8.3,8.2,8.4,4
50,2016,7.98,7.8,8.2,4
50,2017,7.22,6.9,7.5,4
50,2018,6.75,6.5,7.0,4
50,2019,6.12,6.0,6.4,4
50,2020,6.0,5.7,6.6,4
50,2021,5.48,5.1,5.8,4
50,2022,5.05,5.0,5.1,4
50,2023,5.1,5.0,5.3,4
50,2024,5.25,5.2,5.3,4
50,2025,5.38,5.3,5.5,4
51,1982,7.12,7.1,7.2,4
51,1983,7.38,7.1,7.7,4
51,1984,8.57,8.1,8.9,4
51,1985,9.78,9.1,10.3,4
51,1986,9.65,9.3,10.2,4
51,1987,9.35,9.2,9.5,4
51,1988,8.95,8.8,9.0,4
51,1989,8.2,7.9,8.5,4
51,1990,7.65,7.5,7.8,4
51,1991,7.55,7.4,7.7,4
51,1992,8.22,8.0,8.5,4
51,1993,9.2,8.7,9.7,4
51,1994,9.88,9.7,10.0,4
51,1995,9.57,9.5,9.7,4
51,1996,9.93,9.8,10.0,4
51,1997,9.9,9.7,10.0,4
51,1998,9.1,9.0,9.3,4
51,1999,8.62,8.1,9.0,4
51,2000,7.38,7.2,7.7,4
51,2001,6.88,6.8,7.1,4
51,2002,6.72,6.7,6.8,4
51,2003,7.32,7.1,7.6,4
51,2004,7.78,7.6,7.9,4
51,2005,8.07,7.7,8.4,4
51,2006,8.12,7.7,8.4,4
51,2007,7.25,6.9,7.7,4
51,2008,6.82,6.5,7.3,4
51,2009,8.48,8.1,8.7,4
51,2010,8.4,8.3,8.5,4
51,2011,8.5,8.3,8.9,4
51,2012,9.25,8.8,9.7,4
51,2013,10.07,9.7,10.3,4
51,2014,9.98,9.9,10.1,4
51,2015,10.0,9.9,10.1,4
51,2016,9.55,9.3,9.8,4
51,2017,8.85,8.3,9.1,4
51,2018,8.4,8.2,8.7,4
51,2019,7.9,7.6,8.1,4
51,2020,7.62,6.8,8.5,4
51,2021,7.42,7.0,7.7,4
51,2022,7.02,6.9,7.2,4
51,2023,7.22,6.9,7.4,4
51,2024,7.18,6.9,7.3,4
51,2025,7.3,7.1,7.6,4
52,1982,6.85,6.8,6.9,4
52,1983,7.32,6.9,7.7,4
52,1984,8.78,8.1,9.3,4
52,1985,9.4,9.2,9.6,4
52,1986,9.15,9.0,9.3,4
52,1987,9.18,8.8,9.4,4
52,1988,8.38,7.9,8.7,4
52,1989,7.25,7.0,7.5,4
52,1990,6.7,6.6,6.8,4
52,1991,7.15,6.8,7.5,4
52,1992,7.88,7.7,8.2,4
52,1993,9.12,8.5,9.7,4
52,1994,9.85,9.5,10.1,4
52,1995,8.98,8.8,9.2,4
52,1996,9.62,9.4,9.8,4
52,1997,9.52,9.2,9.7,4
52,1998,8.68,8.6,8.8,4
52,1999,8.75,8.4,9.0,4
52,2000,7.35,7.0,7.9,4
52,2001,6.98,6.9,7.1,4
52,2002,7.02,7.0,7.1,4
52,2003,7.68,7.4,8.2,4
52,2004,8.43,8.4,8.5,4
52,2005,8.4,8.1,8.8,4
52,2006,8.72,8.1,9.0,4
52,2007,7.57,7.1,8.1,4
52,2008,7.18,6.7,7.9,4
52,2009,9.3,8.9,9.7,4
52,2010,8.7,8.5,8.9,4
52,2011,8.48,8.3,8.7,4
52,2012,9.22,8.7,9.9,4
52,2013,9.8,9.4,10.1,4
52,2014,9.68,9.4,10.0,4
52,2015,9.82,9.5,10.1,4
52,2016,9.43,9.3,9.6,4
52,2017,8.55,8.1,8.8,4
52,2018,8.1,7.8,8.5,4
52,2019,7.45,7.2,7.8,4
52,2020,7.12,6.5,8.0,4
52,2021,6.7,6.3,7.0,4
52,2022,6.25,6.2,6.3,4
52,2023,6.42,6.2,6.6,4
52,2024,6.52,6.4,6.6,4
52,2025,6.68,6.5,6.9,4
53,1982,4.8,4.6,5.0,4
53,1983,5.1,4.9,5.4,4
53,1984,6.28,5.8,6.7,4
53,1985,6.58,6.4,6.8,4
53,1986,6.42,6.3,6.5,4
53,1987,6.05,5.9,6.3,4
53,1988,5.7,5.5,5.9,4
53,1989,5.03,4.8,5.3,4
53,1990,5.12,5.0,5.2,4
53,1991,5.3,5.1,5.4,4
53,1992,5.62,5.6,5.7,4
53,1993,6.28,5.9,6.6,4
53,1994,6.52,6.2,6.7,4
53,1995,5.7,5.6,5.9,4
53,1996,6.18,6.0,6.3,4
53,1997,6.02,5.8,6.3,4
53,1998,5.48,5.3,5.6,4
53,1999,5.35,4.8,5.7,4
53,2000,4.03,3.7,4.4,4
53,2001,4.08,3.8,4.2,4
53,2002,4.4,4.2,4.6,4
53,2003,5.03,4.9,5.2,4
53,2004,5.38,5.3,5.4,4
53,2005,5.5,5.3,5.7,4
53,2006,5.52,5.2,5.7,4
53,2007,4.8,4.4,5.2,4
53,2008,4.7,4.4,5.3,4
53,2009,6.32,6.0,6.6,4
53,2010,6.18,5.9,6.4,4
53,2011,5.75,5.6,5.9,4
53,2012,6.4,5.9,6.9,4
53,2013,6.88,6.6,7.1,4
53,2014,6.8,6.6,7.1,4
53,2015,7.08,7.0,7.2,4
53,2016,6.75,6.7,6.9,4
53,2017,6.15,5.7,6.4,4
53,2018,5.82,5.7,5.9,4
53,2019,5.6,5.5,5.8,4
53,2020,5.78,5.5,6.4,4
53,2021,5.25,4.9,5.6,4
53,2022,4.97,4.9,5.1,4
53,2023,4.78,4.7,4.8,4
53,2024,5.05,4.9,5.2,4
53,2025,5.52,5.4,5.7,4
54,1982,6.98,6.9,7.0,4
54,1983,7.22,7.0,7.5,4
54,1984,8.35,7.9,8.7,4
54,1985,8.4,8.3,8.5,4
54,1986,8.3,8.2,8.4,4
54,1987,8.28,8.2,8.3,4
54,1988,8.18,8.0,8.3,4
54,1989,7.48,7.2,7.8,4
54,1990,6.85,6.6,7.1,4
54,1991,6.7,6.6,6.9,4
54,1992,7.4,7.1,7.7,4
54,1993,8.18,7.8,8.6,4
54,1994,8.7,8.6,8.8,4
54,1995,8.18,8.0,8.4,4
54,1996,8.57,8.3,8.7,4
54,1997,8.88,8.8,8.9,4
54,1998,8.62,8.6,8.7,4
54,1999,8.3,7.8,8.6,4
54,2000,7.08,6.9,7.4,4
54,2001,6.48,6.4,6.7,4
54,2002,6.62,6.6,6.7,4
54,2003,7.28,7.1,7.5,4
54,2004,7.75,7.6,7.9,4
54,2005,7.9,7.6,8.2,4
54,2006,8.15,7.7,8.4,4
54,2007,7.35,7.0,7.7,4
54,2008,6.82,6.6,7.2,4
54,2009,8.68,8.0,9.2,4
54,2010,8.95,8.9,9.0,4
54,2011,8.88,8.7,9.1,4
54,2012,9.52,9.2,9.9,4
54,2013,10.1,9.9,10.3,4
54,2014,9.95,9.8,10.1,4
54,2015,10.12,10.0,10.3,4
54,2016,9.8,9.6,10.0,4
54,2017,9.25,8.8,9.5,4
54,2018,8.68,8.3,9.1,4
54,2019,8.02,7.9,8.3,4
54,2020,7.55,6.7,8.3,4
54,2021,7.42,7.1,7.7,4
54,2022,6.95,6.8,7.1,4
54,2023,6.98,6.8,7.1,4
54,2024,6.95,6.7,7.1,4
54,2025,6.9,6.8,7.1,4
55,1982,7.0,6.6,7.3,4
55,1983,7.12,6.9,7.6,4
55,1984,8.45,8.1,8.7,4
55,1985,8.35,8.0,8.7,4
55,1986,8.35,8.1,8.5,4
55,1987,8.6,8.5,8.7,4
55,1988,7.92,7.8,8.2,4
55,1989,7.48,7.3,7.7,4
55,1990,6.65,6.3,7.1,4
55,1991,6.2,6.1,6.3,4
55,1992,6.7,6.5,6.9,4
55,1993,7.3,6.9,7.8,4
55,1994,7.98,7.8,8.1,4
55,1995,7.25,7.0,7.5,4
55,1996,7.85,7.6,8.0,4
55,1997,8.1,8.0,8.2,4
55,1998,7.92,7.8,8.1,4
55,1999,7.82,7.4,8.1,4
55,2000,6.62,6.4,7.0,4
55,2001,6.32,6.2,6.4,4
55,2002,6.6,6.5,6.7,4
55,2003,7.15,7.0,7.4,4
55,2004,7.68,7.5,7.8,4
55,2005,8.2,7.8,8.6,4
55,2006,8.73,8.4,8.9,4
55,2007,8.22,7.7,8.7,4
55,2008,7.6,7.4,7.8,4
55,2009,9.45,8.8,9.9,4
55,2010,9.6,9.5,9.7,4
55,2011,9.43,9.2,9.7,4
55,2012,10.12,9.8,10.5,4
55,2013,10.48,10.1,10.7,4
55,2014,10.18,10.1,10.4,4
55,2015,10.12,9.9,10.3,4
55,2016,9.75,9.6,10.0,4
55,2017,8.98,8.5,9.3,4
55,2018,8.6,8.3,9.0,4
55,2019,7.88,7.5,8.3,4
55,2020,7.38,6.5,8.2,4
55,2021,7.5,7.2,7.7,4
55,2022,7.2,7.1,7.3,4
55,2023,7.22,7.1,7.4,4
55,2024,7.3,7.1,7.4,4
55,2025,7.28,7.2,7.3,4
56,1982,7.58,7.2,8.0,4
56,1983,8.38,8.1,8.7,4
56,1984,9.95,9.3,10.5,4
56,1985,10.62,10.4,10.9,4
56,1986,10.48,10.3,10.6,4
56,1987,10.42,10.2,10.6,4
56,1988,9.48,9.2,9.8,4
56,1989,8.88,8.8,9.0,4
56,1990,8.55,8.3,8.7,4
56,1991,8.38,8.2,8.5,4
56,1992,8.52,8.5,8.6,4
56,1993,8.9,8.7,9.1,4
56,1994,9.25,9.2,9.3,4
56,1995,8.88,8.7,9.1,4
56,1996,9.32,9.2,9.5,4
56,1997,9.4,9.4,9.4,4
56,1998,9.0,8.9,9.2,4
56,1999,8.65,8.1,9.1,4
56,2000,7.35,6.9,7.8,4
56,2001,6.75,6.7,6.9,4
56,2002,6.95,6.9,7.0,4
56,2003,7.25,7.1,7.5,4
56,2004,7.48,7.4,7.7,4
56,2005,7.38,7.1,7.7,4
56,2006,7.5,7.1,7.7,4
56,2007,6.9,6.5,7.2,4
56,2008,6.38,6.2,6.8,4
56,2009,8.0,7.5,8.3,4
56,2010,8.05,7.9,8.2,4
56,2011,7.85,7.7,8.0,4
56,2012,8.48,8.1,8.9,4
56,2013,9.2,9.1,9.3,4
56,2014,9.28,9.1,9.5,4
56,2015,9.4,9.3,9.5,4
56,2016,9.07,8.8,9.4,4
56,2017,8.4,8.0,8.6,4
56,2018,7.88,7.6,8.1,4
56,2019,7.28,7.0,7.6,4
56,2020,6.9,6.5,7.6,4
56,2021,6.48,5.9,6.9,4
56,2022,5.78,5.6,5.9,4
56,2023,5.85,5.7,6.0,4
56,2024,5.8,5.7,5.9,4
56,2025,5.92,5.8,6.0,4
57,1982,6.72,6.4,7.0,4
57,1983,7.4,7.1,7.8,4
57,1984,8.62,8.1,9.0,4
57,1985,9.2,9.1,9.3,4
57,1986,9.0,8.8,9.2,4
57,1987,9.12,9.0,9.2,4
57,1988,8.72,8.4,9.0,4
57,1989,7.68,7.3,8.1,4
57,1990,7.25,7.0,7.4,4
57,1991,7.1,6.9,7.3,4
57,1992,7.7,7.4,8.0,4
57,1993,8.72,8.2,9.3,4
57,1994,9.48,9.2,9.7,4
57,1995,8.6,8.4,8.9,4
57,1996,9.0,8.7,9.2,4
57,1997,9.32,9.2,9.4,4
57,1998,8.72,8.6,8.9,4
57,1999,8.48,8.0,8.8,4
57,2000,7.25,6.9,7.7,4
57,2001,6.55,6.4,6.7,4
57,2002,6.9,6.8,7.1,4
57,2003,7.72,7.5,8.0,4
57,2004,8.28,8.1,8.5,4
57,2005,8.57,8.3,8.9,4
57,2006,8.72,8.2,9.0,4
57,2007,7.88,7.5,8.3,4
57,2008,7.28,6.9,7.8,4
57,2009,9.65,9.0,10.1,4
57,2010,9.68,9.6,9.8,4
57,2011,9.35,9.2,9.5,4
57,2012,9.9,9.5,10.4,4
57,2013,10.78,10.7,10.9,4
57,2014,10.7,10.6,10.8,4
57,2015,10.6,10.4,10.8,4
57,2016,10.12,10.0,10.2,4
57,2017,9.55,8.9,9.9,4
57,2018,8.85,8.5,9.2,4
57,2019,8.22,8.0,8.5,4
57,2020,7.78,7.0,8.6,4
57,2021,7.78,7.4,8.0,4
57,2022,7.12,6.9,7.3,4
57,2023,7.05,6.8,7.3,4
57,2024,7.12,7.0,7.2,4
57,2025,7.18,7.1,7.3,4
58,1982,6.8,6.5,7.0,4
58,1983,6.9,6.6,7.3,4
58,1984,8.32,7.8,8.8,4
58,1985,8.7,8.6,8.8,4
58,1986,9.07,8.8,9.2,4
58,1987,9.2,9.2,9.2,4
58,1988,8.93,8.7,9.1,4
58,1989,7.95,7.7,8.3,4
58,1990,7.55,7.4,7.7,4
58,1991,7.62,7.4,7.9,4
58,1992,8.48,8.2,8.7,4
58,1993,9.43,8.9,10.0,4
58,1994,10.02,9.6,10.3,4
58,1995,9.1,9.0,9.2,4
58,1996,9.88,9.6,10.1,4
58,1997,10.15,10.1,10.2,4
58,1998,9.98,9.9,10.1,4
58,1999,9.68,9.0,10.1,4
58,2000,7.95,7.3,8.5,4
58,2001,7.12,7.1,7.2,4
58,2002,7.2,7.2,7.2,4
58,2003,7.8,7.6,8.1,4
58,2004,8.15,8.0,8.3,4
58,2005,8.35,8.0,8.6,4
58,2006,8.3,8.0,8.5,4
58,2007,7.6,7.2,8.0,4
58,2008,7.08,6.8,7.5,4
58,2009,8.9,8.4,9.3,4
58,2010,9.07,9.0,9.2,4
58,2011,9.1,8.9,9.4,4
58,2012,9.65,9.5,9.9,4
58,2013,9.9,9.8,10.0,4
58,2014,9.62,9.6,9.7,4
58,2015,9.75,9.6,9.9,4
58,2016,9.3,9.1,9.6,4
58,2017,8.4,7.9,8.7,4
58,2018,7.72,7.4,8.0,4
58,2019,7.3,7.1,7.5,4
58,2020,6.75,6.2,7.6,4
58,2021,6.65,6.3,6.8,4
58,2022,6.62,6.4,6.8,4
58,2023,6.68,6.6,6.8,4
58,2024,6.78,6.6,6.9,4
58,2025,7.08,6.9,7.3,4
59,1982,8.85,8.6,9.0,4
59,1983,9.15,8.8,9.7,4
59,1984,10.88,10.2,11.3,4
59,1985,11.12,11.0,11.3,4
59,1986,11.25,11.0,11.5,4
59,1987,11.75,11.7,11.8,4
59,1988,11.48,11.2,11.8,4
59,1989,10.82,10.7,11.0,4
59,1990,11.08,11.0,11.2,4
59,1991,10.75,10.6,11.0,4
59,1992,11.52,11.3,11.8,4
59,1993,12.82,12.1,13.5,4
59,1994,13.72,13.5,13.9,4
59,1995,13.02,12.8,13.3,4
59,1996,13.82,13.4,14.1,4
59,1997,14.05,13.9,14.2,4
59,1998,13.42,13.3,13.6,4
59,1999,13.22,12.7,13.5,4
59,2000,11.48,11.0,12.0,4
59,2001,10.55,10.5,10.7,4
59,2002,10.35,10.2,10.5,4
59,2003,10.6,10.4,10.9,4
59,2004,11.18,11.0,11.3,4
59,2005,11.4,11.0,11.8,4
59,2006,11.55,11.0,12.0,4
59,2007,10.65,10.1,11.2,4
59,2008,9.98,9.6,10.6,4
59,2009,12.18,11.6,12.7,4
59,2010,12.45,12.4,12.5,4
59,2011,12.2,12.1,12.3,4
59,2012,12.78,12.4,13.3,4
59,2013,13.35,13.1,13.5,4
59,2014,13.02,12.9,13.2,4
59,2015,13.05,12.9,13.2,4
59,2016,12.6,12.4,12.8,4
59,2017,12.2,11.7,12.4,4
59,2018,11.9,11.5,12.4,4
59,2019,10.95,10.6,11.6,4
59,2020,10.0,8.8,11.0,4
59,2021,9.75,9.3,10.2,4
59,2022,9.22,9.1,9.4,4
59,2023,9.62,9.3,9.9,4
59,2024,9.55,9.3,9.8,4
59,2025,9.95,9.7,10.3,4
60,1982,6.55,6.5,6.6,4
60,1983,6.75,6.5,7.1,4
60,1984,7.58,7.3,7.8,4
60,1985,7.85,7.7,8.0,4
60,1986,7.82,7.7,7.9,4
60,1987,7.72,7.7,7.8,4
60,1988,7.6,7.5,7.7,4
60,1989,7.0,6.8,7.3,4
60,1990,6.45,6.4,6.6,4
60,1991,6.42,6.2,6.7,4
60,1992,7.18,7.0,7.4,4
60,1993,8.32,7.7,9.0,4
60,1994,9.32,9.1,9.5,4
60,1995,8.65,8.5,8.8,4
60,1996,9.3,9.0,9.5,4
60,1997,9.48,9.4,9.5,4
60,1998,9.07,9.0,9.2,4
60,1999,8.82,8.3,9.2,4
60,2000,7.45,7.0,7.9,4
60,2001,6.6,6.5,6.7,4
60,2002,6.85,6.8,7.0,4
60,2003,7.55,7.3,7.9,4
60,2004,8.0,7.9,8.1,4
60,2005,8.28,8.0,8.5,4
60,2006,8.2,7.7,8.6,4
60,2007,7.32,6.9,7.7,4
60,2008,6.88,6.6,7.2,4
60,2009,9.0,8.3,9.4,4
60,2010,9.22,9.1,9.3,4
60,2011,9.0,8.9,9.1,4
60,2012,9.65,9.3,10.1,4
60,2013,10.28,10.1,10.4,4
60,2014,10.1,10.0,10.3,4
60,2015,10.15,10.0,10.3,4
60,2016,9.95,9.8,10.1,4
60,2017,9.4,9.1,9.5,4
60,2018,8.98,8.6,9.3,4
60,2019,8.3,8.1,8.6,4
60,2020,8.07,7.4,9.0,4
60,2021,7.8,7.5,8.0,4
60,2022,7.38,7.2,7.6,4
60,2023,7.4,7.1,7.6,4
60,2024,7.38,7.3,7.5,4
60,2025,7.78,7.6,8.0,4
61,1982,7.38,7.2,7.5,4
61,1983,7.38,7.3,7.5,4
61,1984,8.32,7.9,8.8,4
61,1985,8.8,8.7,8.9,4
61,1986,8.9,8.6,9.2,4
61,1987,9.55,9.2,9.7,4
61,1988,8.07,7.8,8.5,4
61,1989,7.22,7.1,7.5,4
61,1990,6.7,6.6,6.9,4
61,1991,6.68,6.5,6.9,4
61,1992,7.02,7.0,7.1,4
61,1993,7.62,7.1,8.1,4
61,1994,8.15,7.8,8.3,4
61,1995,7.4,7.2,7.6,4
61,1996,8.4,8.1,8.6,4
61,1997,8.62,8.4,8.8,4
61,1998,8.15,8.1,8.2,4
61,1999,8.02,7.5,8.3,4
61,2000,6.58,6.2,7.0,4
61,2001,6.12,6.0,6.4,4
61,2002,6.48,6.4,6.6,4
61,2003,7.22,7.0,7.5,4
61,2004,7.78,7.6,7.9,4
61,2005,8.05,7.8,8.3,4
61,2006,7.92,7.6,8.2,4
61,2007,7.1,6.6,7.6,4
61,2008,6.92,6.4,7.7,4
61,2009,8.93,8.6,9.2,4
61,2010,8.62,8.5,8.7,4
61,2011,8.45,8.3,8.5,4
61,2012,9.0,8.7,9.4,4
61,2013,9.32,9.1,9.5,4
61,2014,9.3,9.2,9.4,4
61,2015,9.45,9.2,9.6,4
61,2016,9.28,9.1,9.5,4
61,2017,8.62,8.2,8.8,4
61,2018,8.28,8.1,8.5,4
61,2019,7.78,7.6,8.1,4
61,2020,7.42,6.8,8.2,4
61,2021,7.12,6.7,7.4,4
61,2022,6.58,6.4,6.7,4
61,2023,6.52,6.3,6.8,4
61,2024,6.82,6.8,6.9,4
61,2025,7.25,7.0,7.5,4
62,1982,9.0,8.9,9.1,4
62,1983,9.25,8.9,9.8,4
62,1984,11.02,10.4,11.5,4
62,1985,11.15,11.0,11.5,4
62,1986,11.38,11.1,11.5,4
62,1987,11.52,11.5,11.6,4
62,1988,11.38,11.1,11.5,4
62,1989,10.6,10.4,10.8,4
62,1990,10.98,10.7,11.1,4
62,1991,10.68,10.5,10.8,4
62,1992,11.38,11.1,11.6,4
62,1993,12.62,11.8,13.4,4
62,1994,13.75,13.4,14.0,4
62,1995,12.75,12.5,13.0,4
62,1996,13.48,13.2,13.6,4
62,1997,13.9,13.8,14.0,4
62,1998,13.4,13.3,13.6,4
62,1999,13.1,12.6,13.4,4
62,2000,11.28,10.7,12.0,4
62,2001,10.25,10.1,10.5,4
62,2002,9.72,9.5,10.0,4
62,2003,10.15,9.9,10.5,4
62,2004,10.8,10.7,10.9,4
62,2005,11.02,10.5,11.6,4
62,2006,11.58,11.1,11.8,4
62,2007,10.6,10.2,11.1,4
62,2008,10.18,9.8,10.7,4
62,2009,12.08,11.6,12.4,4
62,2010,12.02,12.0,12.1,4
62,2011,12.05,11.9,12.3,4
62,2012,12.92,12.5,13.5,4
62,2013,13.48,13.1,13.7,4
62,2014,13.08,13.0,13.2,4
62,2015,13.02,12.8,13.2,4
62,2016,12.42,12.2,12.7,4
62,2017,11.5,11.0,11.7,4
62,2018,11.08,10.7,11.4,4
62,2019,10.22,9.9,10.7,4
62,2020,9.4,8.7,10.4,4
62,2021,8.93,8.4,9.2,4
62,2022,8.25,8.1,8.6,4
62,2023,8.52,8.2,8.7,4
62,2024,8.5,8.2,8.7,4
62,2025,8.7,8.5,9.0,4
63,1982,6.28,6.0,6.5,4
63,1983,6.52,6.4,6.7,4
63,1984,7.48,7.1,7.7,4
63,1985,7.82,7.7,8.0,4
63,1986,7.98,7.9,8.0,4
63,1987,8.1,8.0,8.2,4
63,1988,7.88,7.8,8.0,4
63,1989,7.55,7.4,7.7,4
63,1990,7.52,7.4,7.6,4
63,1991,7.68,7.5,8.0,4
63,1992,8.2,8.2,8.2,4
63,1993,8.5,8.2,8.8,4
63,1994,9.12,9.0,9.2,4
63,1995,8.48,8.2,8.8,4
63,1996,9.02,8.8,9.2,4
63,1997,9.1,8.9,9.2,4
63,1998,8.4,8.3,8.6,4
63,1999,8.32,8.1,8.5,4
63,2000,7.35,7.2,7.7,4
63,2001,6.98,6.8,7.3,4
63,2002,6.65,6.6,6.7,4
63,2003,6.98,6.8,7.2,4
63,2004,7.42,7.3,7.5,4
63,2005,7.4,7.2,7.6,4
63,2006,7.5,7.3,7.7,4
63,2007,7.02,6.6,7.4,4
63,2008,6.62,6.2,7.1,4
63,2009,8.22,7.8,8.6,4
63,2010,8.28,8.1,8.5,4
63,2011,8.02,7.9,8.1,4
63,2012,8.4,8.1,8.7,4
63,2013,8.68,8.5,8.8,4
63,2014,8.68,8.5,8.9,4
63,2015,8.93,8.8,9.1,4
63,2016,8.75,8.6,8.9,4
63,2017,8.15,7.7,8.4,4
63,2018,7.78,7.5,8.0,4
63,2019,7.3,7.1,7.5,4
63,2020,6.92,6.3,7.7,4
63,2021,6.8,6.4,7.1,4
63,2022,6.25,6.1,6.4,4
63,2023,6.38,6.1,6.6,4
63,2024,6.4,6.3,6.5,4
63,2025,6.68,6.5,6.9,4
64,1982,7.62,7.4,7.8,4
64,1983,7.95,7.7,8.4,4
64,1984,9.55,9.0,10.0,4
64,1985,9.85,9.7,10.1,4
64,1986,9.88,9.6,10.0,4
64,1987,9.85,9.7,10.0,4
64,1988,9.48,9.2,9.7,4
64,1989,8.72,8.5,9.0,4
64,1990,8.0,7.7,8.4,4
64,1991,7.85,7.7,8.1,4
64,1992,8.48,8.3,8.6,4
64,1993,9.0,8.7,9.3,4
64,1994,9.4,9.2,9.5,4
64,1995,8.98,8.9,9.1,4
64,1996,9.48,9.4,9.5,4
64,1997,9.45,9.4,9.5,4
64,1998,9.18,9.1,9.3,4
64,1999,8.95,8.6,9.2,4
64,2000,8.05,7.7,8.4,4
64,2001,7.45,7.3,7.6,4
64,2002,7.32,7.3,7.4,4
64,2003,7.62,7.5,7.8,4
64,2004,7.75,7.7,7.9,4
64,2005,7.52,7.4,7.6,4
64,2006,7.32,6.9,7.6,4
64,2007,6.78,6.4,7.1,4
64,2008,6.32,6.1,6.7,4
64,2009,7.7,7.3,8.0,4
64,2010,7.72,7.7,7.8,4
64,2011,7.65,7.6,7.8,4
64,2012,8.15,7.9,8.4,4
64,2013,8.52,8.4,8.6,4
64,2014,8.55,8.4,8.7,4
64,2015,8.62,8.5,8.7,4
64,2016,8.28,8.2,8.4,4
64,2017,7.8,7.4,8.0,4
64,2018,7.5,7.3,7.7,4
64,2019,6.98,6.7,7.3,4
64,2020,6.7,6.2,7.5,4
64,2021,6.32,5.8,6.7,4
64,2022,5.72,5.6,5.8,4
64,2023,5.62,5.5,5.8,4
64,2024,5.7,5.6,5.8,4
64,2025,5.95,5.8,6.1,4
65,1982,7.55,7.2,7.9,4
65,1983,8.07,7.9,8.4,4
65,1984,9.52,9.1,9.8,4
65,1985,9.62,9.5,9.8,4
65,1986,9.82,9.6,10.0,4
65,1987,9.88,9.8,9.9,4
65,1988,9.93,9.9,10.0,4
65,1989,9.62,9.6,9.7,4
65,1990,9.93,9.7,10.2,4
65,1991,9.72,9.6,9.9,4
65,1992,10.38,10.3,10.5,4
65,1993,10.45,10.3,10.7,4
65,1994,10.65,10.5,10.7,4
65,1995,10.05,9.8,10.3,4
65,1996,10.52,10.4,10.6,4
65,1997,10.7,10.5,10.8,4
65,1998,10.8,10.8,10.8,4
65,1999,10.62,10.3,10.8,4
65,2000,9.45,9.0,9.9,4
65,2001,8.85,8.8,8.9,4
65,2002,8.55,8.3,8.7,4
65,2003,8.85,8.7,9.1,4
65,2004,9.12,9.0,9.4,4
65,2005,8.98,8.8,9.1,4
65,2006,9.0,8.5,9.3,4
65,2007,8.35,8.0,8.9,4
65,2008,7.72,7.6,7.9,4
65,2009,9.78,9.3,10.2,4
65,2010,9.88,9.6,10.1,4
65,2011,9.93,9.8,10.0,4
65,2012,10.78,10.5,11.1,4
65,2013,11.3,11.2,11.4,4
65,2014,11.3,11.1,11.5,4
65,2015,11.48,11.3,11.8,4
65,2016,11.18,11.1,11.2,4
65,2017,10.3,9.9,10.7,4
65,2018,9.72,9.6,9.9,4
65,2019,9.28,9.0,9.7,4
65,2020,9.12,8.3,10.5,4
65,2021,8.7,8.0,9.1,4
65,2022,7.9,7.7,8.1,4
65,2023,7.72,7.6,7.9,4
65,2024,7.7,7.5,7.9,4
65,2025,7.7,7.6,8.0,4
66,1982,8.55,8.0,9.0,4
66,1983,9.3,8.8,9.9,4
66,1984,11.02,10.4,11.5,4
66,1985,11.98,11.7,12.2,4
66,1986,12.15,11.8,12.3,4
66,1987,12.1,12.0,12.3,4
66,1988,11.9,11.8,12.0,4
66,1989,11.45,11.3,11.6,4
66,1990,11.88,11.7,12.0,4
66,1991,12.05,11.9,12.2,4
66,1992,12.85,12.5,13.2,4
66,1993,13.58,13.3,14.0,4
66,1994,14.42,14.3,14.6,4
66,1995,13.98,13.8,14.1,4
66,1996,14.52,14.4,14.6,4
66,1997,14.6,14.5,14.7,4
66,1998,14.7,14.7,14.7,4
66,1999,14.4,13.9,14.7,4
66,2000,12.72,12.1,13.4,4
66,2001,11.4,11.3,11.6,4
66,2002,11.22,11.1,11.4,4
66,2003,11.7,11.4,11.8,4
66,2004,11.6,11.4,11.8,4
66,2005,11.4,11.1,11.7,4
66,2006,11.28,10.8,11.5,4
66,2007,10.5,10.0,11.1,4
66,2008,9.9,9.5,10.5,4
66,2009,11.88,11.3,12.4,4
66,2010,12.08,11.9,12.2,4
66,2011,12.48,12.1,12.9,4
66,2012,13.75,13.3,14.4,4
66,2013,14.65,14.5,14.9,4
66,2014,14.88,14.5,15.3,4
66,2015,15.32,15.2,15.5,4
66,2016,15.12,14.8,15.3,4
66,2017,14.32,14.1,14.6,4
66,2018,14.08,13.9,14.3,4
66,2019,13.55,13.2,14.0,4
66,2020,12.52,11.1,14.0,4
66,2021,12.22,11.6,12.6,4
66,2022,11.6,11.5,11.7,4
66,2023,11.95,11.6,12.3,4
66,2024,12.15,12.0,12.3,4
66,2025,12.22,12.0,12.7,4
67,1982,5.62,5.2,6.0,4
67,1983,6.18,6.0,6.5,4
67,1984,7.12,6.8,7.3,4
67,1985,7.78,7.5,8.0,4
67,1986,6.82,6.6,7.3,4
67,1987,6.52,6.4,6.7,4
67,1988,6.08,5.9,6.3,4
67,1989,5.28,5.0,5.6,4
67,1990,4.82,4.7,4.9,4
67,1991,4.78,4.6,5.0,4
67,1992,5.35,5.1,5.6,4
67,1993,6.28,5.8,6.7,4
67,1994,6.7,6.4,6.9,4
67,1995,6.12,6.0,6.3,4
67,1996,6.42,6.2,6.6,4
67,1997,6.58,6.5,6.7,4
67,1998,6.15,6.1,6.3,4
67,1999,5.82,5.4,6.1,4
67,2000,4.9,4.7,5.1,4
67,2001,4.85,4.7,5.1,4
67,2002,5.58,5.3,5.8,4
67,2003,6.48,6.2,6.8,4
67,2004,7.08,6.9,7.3,4
67,2005,7.4,7.2,7.6,4
67,2006,7.42,6.9,7.8,4
67,2007,6.52,6.1,6.9,4
67,2008,6.1,5.8,6.4,4
67,2009,8.02,7.4,8.5,4
67,2010,8.12,7.9,8.4,4
67,2011,7.8,7.7,7.9,4
67,2012,8.3,8.0,8.7,4
67,2013,8.85,8.7,9.0,4
67,2014,8.8,8.7,9.0,4
67,2015,8.98,8.9,9.1,4
67,2016,8.75,8.6,8.9,4
67,2017,8.1,7.6,8.4,4
67,2018,7.5,7.2,7.8,4
67,2019,7.12,6.9,7.3,4
67,2020,6.92,6.3,7.7,4
67,2021,6.72,6.4,7.0,4
67,2022,6.15,6.0,6.3,4
67,2023,6.28,6.0,6.5,4
67,2024,6.4,6.3,6.5,4
67,2025,6.58,6.5,6.7,4
68,1982,4.65,4.6,4.7,4
68,1983,5.0,4.8,5.3,4
68,1984,5.92,5.7,6.2,4
68,1985,6.7,6.5,6.9,4
68,1986,5.85,5.7,6.1,4
68,1987,5.75,5.5,6.0,4
68,1988,5.25,5.0,5.5,4
68,1989,4.53,4.3,4.8,4
68,1990,4.3,4.2,4.4,4
68,1991,4.25,4.1,4.5,4
68,1992,5.03,4.7,5.4,4
68,1993,6.02,5.6,6.4,4
68,1994,6.48,6.2,6.7,4
68,1995,5.9,5.8,6.1,4
68,1996,6.18,5.8,6.5,4
68,1997,6.52,6.4,6.6,4
68,1998,5.95,5.8,6.2,4
68,1999,5.68,5.3,5.9,4
68,2000,4.7,4.4,5.0,4
68,2001,4.32,4.2,4.5,4
68,2002,5.03,4.7,5.4,4
68,2003,6.35,5.9,6.9,4
68,2004,7.4,7.2,7.7,4
68,2005,8.02,7.6,8.4,4
68,2006,8.5,8.1,8.7,4
68,2007,7.78,7.4,8.2,4
68,2008,6.9,6.8,7.2,4
68,2009,8.8,8.2,9.2,4
68,2010,8.88,8.8,9.0,4
68,2011,8.68,8.5,8.9,4
68,2012,9.38,9.0,9.8,4
68,2013,9.93,9.7,10.1,4
68,2014,9.8,9.7,10.0,4
68,2015,9.98,9.9,10.1,4
68,2016,9.78,9.6,9.9,4
68,2017,9.0,8.4,9.4,4
68,2018,8.32,8.1,8.5,4
68,2019,7.95,7.8,8.1,4
68,2020,7.92,7.1,8.9,4
68,2021,7.78,7.3,8.1,4
68,2022,6.82,6.7,7.0,4
68,2023,7.0,6.7,7.2,4
68,2024,7.15,7.0,7.2,4
68,2025,7.18,7.1,7.3,4
69,1982,5.38,5.3,5.5,4
69,1983,5.38,5.3,5.5,4
69,1984,6.32,5.9,6.7,4
69,1985,6.88,6.8,6.9,4
69,1986,6.9,6.7,7.1,4
69,1987,7.05,7.0,7.1,4
69,1988,6.82,6.7,7.0,4
69,1989,6.45,6.3,6.6,4
69,1990,6.42,6.3,6.6,4
69,1991,7.0,6.6,7.5,4
69,1992,8.55,7.9,9.2,4
69,1993,10.0,9.5,10.5,4
69,1994,10.58,10.3,10.7,4
69,1995,9.8,9.6,10.1,4
69,1996,10.22,10.0,10.4,4
69,1997,9.9,9.6,10.3,4
69,1998,9.2,9.1,9.3,4
69,1999,9.0,8.5,9.3,4
69,2000,7.15,6.4,8.0,4
69,2001,6.22,6.1,6.4,4
69,2002,6.62,6.4,6.9,4
69,2003,7.7,7.5,8.0,4
69,2004,8.07,8.0,8.2,4
69,2005,7.95,7.8,8.0,4
69,2006,7.82,7.4,8.1,4
69,2007,7.12,6.6,7.6,4
69,2008,6.45,6.2,6.8,4
69,2009,8.28,7.6,8.8,4
69,2010,8.4,8.3,8.5,4
69,2011,8.3,8.2,8.5,4
69,2012,8.85,8.6,9.2,4
69,2013,9.28,9.1,9.4,4
69,2014,9.2,9.1,9.4,4
69,2015,9.3,9.2,9.4,4
69,2016,9.0,8.8,9.2,4
69,2017,8.38,8.0,8.5,4
69,2018,8.02,7.8,8.2,4
69,2019,7.58,7.4,7.8,4
69,2020,7.3,6.6,8.1,4
69,2021,7.1,6.6,7.5,4
69,2022,6.35,6.1,6.5,4
69,2023,6.35,6.1,6.6,4
69,2024,6.5,6.5,6.5,4
69,2025,6.98,6.7,7.3,4
70,1982,7.1,7.0,7.2,4
70,1983,6.8,6.6,7.1,4
70,1984,8.22,7.6,8.7,4
70,1985,8.75,8.5,9.0,4
70,1986,9.05,9.0,9.2,4
70,1987,9.43,9.2,9.6,4
70,1988,8.68,8.4,9.0,4
70,1989,7.62,7.2,8.0,4
70,1990,7.25,7.2,7.3,4
70,1991,7.42,7.2,7.7,4
70,1992,7.78,7.7,7.8,4
70,1993,8.1,7.8,8.5,4
70,1994,8.57,8.2,8.8,4
70,1995,7.92,7.8,8.1,4
70,1996,8.55,8.4,8.7,4
70,1997,8.65,8.5,8.7,4
70,1998,8.15,8.1,8.3,4
70,1999,7.7,7.1,8.1,4
70,2000,6.22,6.0,6.6,4
70,2001,5.7,5.4,5.9,4
70,2002,6.02,5.9,6.1,4
70,2003,6.4,6.2,6.7,4
70,2004,6.92,6.8,7.1,4
70,2005,7.25,6.9,7.6,4
70,2006,7.75,7.6,7.8,4
70,2007,6.95,6.5,7.5,4
70,2008,6.65,6.2,7.3,4
70,2009,8.8,8.3,9.1,4
70,2010,8.48,8.2,8.8,4
70,2011,8.25,8.1,8.5,4
70,2012,9.38,8.7,10.2,4
70,2013,10.1,9.8,10.3,4
70,2014,10.07,10.0,10.3,4
70,2015,9.75,9.3,10.0,4
70,2016,9.2,9.1,9.3,4
70,2017,8.55,7.9,8.9,4
70,2018,8.0,7.7,8.3,4
70,2019,7.68,7.3,8.0,4
70,2020,7.08,6.6,7.9,4
70,2021,6.72,6.4,6.9,4
70,2022,6.38,6.2,6.5,4
70,2023,6.38,6.1,6.6,4
70,2024,6.55,6.5,6.6,4
70,2025,6.93,6.7,7.2,4
71,1982,6.52,6.2,7.0,4
71,1983,7.6,7.2,8.0,4
71,1984,9.18,8.6,9.6,4
71,1985,9.3,8.9,9.7,4
71,1986,8.95,8.7,9.2,4
71,1987,9.2,9.2,9.2,4
71,1988,8.85,8.3,9.2,4
71,1989,7.78,7.6,8.0,4
71,1990,7.38,7.2,7.6,4
71,1991,7.4,7.1,7.7,4
71,1992,8.5,8.1,8.9,4
71,1993,9.68,9.1,10.2,4
71,1994,10.35,10.1,10.5,4
71,1995,9.45,9.2,9.9,4
71,1996,9.48,9.4,9.5,4
71,1997,9.5,9.3,9.6,4
71,1998,8.77,8.7,9.0,4
71,1999,8.4,7.9,8.7,4
71,2000,7.28,6.8,7.6,4
71,2001,6.62,6.5,6.8,4
71,2002,6.9,6.8,7.1,4
71,2003,7.55,7.4,7.7,4
71,2004,7.72,7.7,7.8,4
71,2005,7.78,7.5,8.0,4
71,2006,7.75,7.3,8.1,4
71,2007,6.9,6.5,7.3,4
71,2008,6.5,6.1,7.0,4
71,2009,8.45,7.9,8.9,4
71,2010,8.57,8.5,8.7,4
71,2011,8.4,8.3,8.6,4
71,2012,8.93,8.7,9.2,4
71,2013,9.28,8.9,9.5,4
71,2014,9.15,9.0,9.4,4
71,2015,9.3,9.2,9.4,4
71,2016,9.02,8.8,9.2,4
71,2017,8.3,7.9,8.6,4
71,2018,7.82,7.6,8.0,4
71,2019,7.52,7.4,7.7,4
71,2020,7.0,6.5,7.7,4
71,2021,6.52,6.1,6.8,4
71,2022,6.3,6.2,6.4,4
71,2023,6.5,6.3,6.7,4
71,2024,6.52,6.4,6.6,4
71,2025,6.78,6.6,7.0,4
72,1982,7.85,7.5,8.1,4
72,1983,8.45,8.0,8.9,4
72,1984,9.6,9.2,9.9,4
72,1985,10.22,10.2,10.3,4
72,1986,10.35,10.1,10.5,4
72,1987,10.28,10.0,10.5,4
72,1988,9.52,9.1,9.9,4
72,1989,8.6,8.5,8.8,4
72,1990,8.18,8.0,8.3,4
72,1991,8.25,8.0,8.6,4
72,1992,9.1,8.9,9.3,4
72,1993,9.7,9.3,10.2,4
72,1994,10.3,10.0,10.5,4
72,1995,9.38,9.2,9.7,4
72,1996,9.4,9.4,9.4,4
72,1997,9.45,9.3,9.5,4
72,1998,8.82,8.7,9.0,4
72,1999,8.28,7.6,8.8,4
72,2000,6.62,6.0,7.2,4
72,2001,5.95,5.8,6.2,4
72,2002,6.22,6.2,6.3,4
72,2003,6.58,6.4,6.8,4
72,2004,7.0,6.9,7.2,4
72,2005,7.28,6.9,7.6,4
72,2006,7.72,7.5,7.9,4
72,2007,6.93,6.4,7.5,4
72,2008,6.48,6.0,7.1,4
72,2009,8.72,8.1,9.1,4
72,2010,8.62,8.5,8.7,4
72,2011,8.35,8.2,8.5,4
72,2012,9.07,8.6,9.7,4
72,2013,9.85,9.7,10.0,4
72,2014,9.82,9.6,10.1,4
72,2015,10.1,10.0,10.2,4
72,2016,9.75,9.6,10.0,4
72,2017,9.0,8.5,9.2,4
72,2018,8.6,8.4,8.8,4
72,2019,8.32,8.2,8.5,4
72,2020,8.15,7.6,9.1,4
72,2021,7.68,7.3,8.0,4
72,2022,7.15,6.9,7.4,4
72,2023,7.0,6.7,7.2,4
72,2024,7.2,7.1,7.3,4
72,2025,7.52,7.4,7.8,4
73,1982,4.9,4.6,5.1,4
73,1983,5.35,5.0,5.6,4
73,1984,6.15,5.8,6.6,4
73,1985,6.48,6.2,6.7,4
73,1986,6.15,6.1,6.2,4
73,1987,6.1,6.1,6.1,4
73,1988,5.9,5.8,6.0,4
73,1989,5.62,5.5,5.7,4
73,1990,5.82,5.7,5.9,4
73,1991,5.88,5.7,6.2,4
73,1992,7.32,6.6,7.9,4
73,1993,8.8,8.2,9.4,4
73,1994,9.5,9.2,9.7,4
73,1995,8.72,8.6,9.0,4
73,1996,8.95,8.8,9.1,4
73,1997,9.05,8.9,9.3,4
73,1998,8.65,8.6,8.7,4
73,1999,8.5,8.1,8.8,4
73,2000,7.02,6.3,7.6,4
73,2001,5.98,5.9,6.1,4
73,2002,6.05,6.0,6.1,4
73,2003,6.65,6.4,6.8,4
73,2004,6.82,6.7,7.0,4
73,2005,6.62,6.5,6.7,4
73,2006,6.48,6.2,6.7,4
73,2007,5.92,5.7,6.1,4
73,2008,5.5,5.2,5.9,4
73,2009,7.35,6.7,7.8,4
73,2010,7.55,7.4,7.8,4
73,2011,7.25,7.1,7.3,4
73,2012,7.6,7.4,7.9,4
73,2013,7.9,7.8,8.0,4
73,2014,8.1,7.9,8.2,4
73,2015,8.2,8.0,8.4,4
73,2016,7.95,7.9,8.0,4
73,2017,7.3,6.9,7.6,4
73,2018,6.8,6.6,6.9,4
73,2019,6.42,6.2,6.6,4
73,2020,6.4,5.9,7.0,4
73,2021,6.5,5.5,8.0,4
73,2022,5.28,5.1,5.5,4
73,2023,5.22,5.1,5.4,4
73,2024,5.32,5.2,5.4,4
73,2025,5.62,5.5,5.7,4
74,1982,5.12,5.0,5.2,4
74,1983,5.25,5.2,5.3,4
74,1984,5.68,5.5,5.9,4
74,1985,5.68,5.2,6.0,4
74,1986,5.28,5.1,5.4,4
74,1987,5.52,5.5,5.6,4
74,1988,5.22,4.9,5.5,4
74,1989,4.55,4.4,4.7,4
74,1990,4.55,4.5,4.7,4
74,1991,5.32,4.9,5.8,4
74,1992,6.78,6.2,7.4,4
74,1993,8.48,7.9,8.9,4
74,1994,8.7,8.3,9.0,4
74,1995,7.62,7.4,7.9,4
74,1996,7.88,7.8,8.0,4
74,1997,7.75,7.6,7.9,4
74,1998,7.15,7.1,7.3,4
74,1999,7.05,6.8,7.2,4
74,2000,5.8,5.2,6.4,4
74,2001,4.97,4.8,5.2,4
74,2002,5.43,5.4,5.5,4
74,2003,5.85,5.7,6.1,4
74,2004,6.02,5.9,6.2,4
74,2005,5.9,5.7,6.0,4
74,2006,5.78,5.4,6.0,4
74,2007,5.2,4.9,5.4,4
74,2008,5.0,4.7,5.5,4
74,2009,7.32,6.6,7.7,4
74,2010,7.28,6.9,7.6,4
74,2011,6.68,6.5,6.8,4
74,2012,7.12,6.9,7.4,4
74,2013,7.45,7.3,7.6,4
74,2014,7.45,7.3,7.6,4
74,2015,7.62,7.5,7.8,4
74,2016,7.42,7.3,7.6,4
74,2017,6.82,6.4,7.1,4
74,2018,6.45,6.3,6.6,4
74,2019,6.18,6.0,6.4,4
74,2020,6.4,5.8,7.3,4
74,2021,6.42,5.8,7.2,4
74,2022,5.4,5.2,5.6,4
74,2023,5.35,5.2,5.6,4
74,2024,5.52,5.5,5.6,4
74,2025,5.68,5.6,5.7,4
75,1982,6.55,6.5,6.6,4
75,1983,6.85,6.7,7.1,4
75,1984,7.52,7.3,7.7,4
75,1985,8.07,7.9,8.3,4
75,1986,8.48,8.4,8.5,4
75,1987,8.6,8.6,8.6,4
75,1988,8.8,8.7,8.9,4
75,1989,8.48,8.4,8.6,4
75,1990,8.85,8.7,8.9,4
75,1991,9.57,9.2,9.8,4
75,1992,9.72,9.7,9.8,4
75,1993,10.05,9.9,10.3,4
75,1994,10.07,9.9,10.3,4
75,1995,9.65,9.6,9.7,4
75,1996,10.02,9.9,10.1,4
75,1997,9.98,9.9,10.0,4
75,1998,9.8,9.8,9.8,4
75,1999,9.45,9.0,9.8,4
75,2000,8.22,7.6,8.8,4
75,2001,7.4,7.3,7.6,4
75,2002,8.22,7.8,8.6,4
75,2003,9.22,9.0,9.5,4
75,2004,9.5,9.4,9.8,4
75,2005,9.0,9.0,9.0,4
75,2006,8.55,8.0,8.9,4
75,2007,7.75,7.1,8.2,4
75,2008,6.8,6.8,6.8,4
75,2009,7.93,7.3,8.4,4
75,2010,8.07,8.0,8.2,4
75,2011,7.85,7.7,7.9,4
75,2012,8.02,7.9,8.2,4
75,2013,8.32,8.2,8.4,4
75,2014,8.28,8.2,8.4,4
75,2015,8.2,8.0,8.4,4
75,2016,7.85,7.7,8.0,4
75,2017,7.38,7.1,7.5,4
75,2018,7.02,6.8,7.2,4
75,2019,6.55,6.3,6.8,4
75,2020,6.48,5.6,7.4,4
75,2021,6.48,6.0,6.9,4
75,2022,5.75,5.6,5.9,4
75,2023,5.68,5.5,5.9,4
75,2024,5.7,5.6,5.8,4
75,2025,6.0,5.8,6.1,4
76,1982,9.28,9.2,9.3,4
76,1983,9.38,9.1,9.9,4
76,1984,11.0,10.5,11.3,4
76,1985,11.18,11.0,11.4,4
76,1986,11.55,11.2,11.7,4
76,1987,11.85,11.7,12.0,4
76,1988,11.35,11.1,11.6,4
76,1989,10.42,10.2,10.8,4
76,1990,9.93,9.8,10.1,4
76,1991,10.02,9.8,10.3,4
76,1992,10.68,10.6,10.7,4
76,1993,11.4,10.8,12.0,4
76,1994,12.15,12.0,12.2,4
76,1995,11.62,11.4,11.8,4
76,1996,12.38,12.1,12.5,4
76,1997,12.52,12.4,12.6,4
76,1998,11.98,11.9,12.1,4
76,1999,11.72,11.2,12.0,4
76,2000,10.22,9.7,10.8,4
76,2001,9.15,9.0,9.3,4
76,2002,8.85,8.8,8.9,4
76,2003,9.2,9.0,9.5,4
76,2004,9.7,9.5,9.8,4
76,2005,9.68,9.4,9.9,4
76,2006,9.52,9.1,9.8,4
76,2007,8.55,7.9,9.2,4
76,2008,7.98,7.5,8.6,4
76,2009,10.05,9.5,10.5,4
76,2010,10.22,10.2,10.3,4
76,2011,10.15,10.0,10.3,4
76,2012,10.78,10.5,11.2,4
76,2013,11.35,11.2,11.5,4
76,2014,11.18,11.1,11.2,4
76,2015,11.22,11.1,11.3,4
76,2016,11.25,11.1,11.4,4
76,2017,10.6,10.2,10.8,4
76,2018,10.1,9.8,10.4,4
76,2019,9.43,9.3,9.7,4
76,2020,9.02,8.3,9.9,4
76,2021,8.57,8.1,8.9,4
76,2022,7.82,7.5,8.1,4
76,2023,7.8,7.5,8.1,4
76,2024,8.0,7.9,8.1,4
76,2025,8.43,8.2,8.7,4
77,1982,5.22,5.2,5.3,4
77,1983,5.28,5.1,5.6,4
77,1984,6.08,5.7,6.4,4
77,1985,6.32,6.3,6.4,4
77,1986,6.43,6.4,6.5,4
77,1987,6.55,6.4,6.7,4
77,1988,6.28,6.1,6.4,4
77,1989,5.7,5.5,5.9,4
77,1990,5.18,5.0,5.4,4
77,1991,5.12,4.9,5.4,4
77,1992,5.8,5.5,6.1,4
77,1993,6.95,6.4,7.5,4
77,1994,7.88,7.7,8.0,4
77,1995,7.52,7.4,7.7,4
77,1996,7.85,7.7,7.9,4
77,1997,8.07,8.0,8.2,4
77,1998,7.6,7.5,7.8,4
77,1999,6.98,6.4,7.4,4
77,2000,5.48,5.1,6.0,4
77,2001,4.92,4.8,5.1,4
77,2002,5.38,5.1,5.6,4
77,2003,6.4,6.0,6.8,4
77,2004,7.0,6.8,7.2,4
77,2005,7.05,7.0,7.1,4
77,2006,6.8,6.4,7.1,4
77,2007,5.95,5.5,6.4,4
77,2008,5.42,5.3,5.7,4
77,2009,6.82,6.3,7.3,4
77,2010,7.02,7.0,7.1,4
77,2011,7.0,6.9,7.1,4
77,2012,7.5,7.3,7.8,4
77,2013,8.0,8.0,8.0,4
77,2014,8.05,8.0,8.2,4
77,2015,8.18,8.1,8.3,4
77,2016,7.92,7.8,8.0,4
77,2017,7.5,7.2,7.6,4
77,2018,7.28,7.1,7.4,4
77,2019,6.9,6.8,7.1,4
77,2020,6.9,6.1,7.7,4
77,2021,7.2,6.9,7.4,4
77,2022,6.7,6.6,6.8,4
77,2023,6.68,6.5,6.9,4
77,2024,6.82,6.8,6.9,4
77,2025,7.18,7.0,7.4,4
78,1982,4.0,4.0,4.0,4
78,1983,3.92,3.8,4.1,4
78,1984,4.68,4.4,4.9,4
78,1985,5.3,5.0,5.5,4
78,1986,5.18,5.0,5.4,4
78,1987,5.35,5.3,5.4,4
78,1988,5.15,5.0,5.2,4
78,1989,4.65,4.5,4.8,4
78,1990,4.38,4.3,4.4,4
78,1991,4.6,4.3,4.9,4
78,1992,5.48,5.1,5.9,4
78,1993,6.78,6.2,7.3,4
78,1994,7.4,7.2,7.5,4
78,1995,6.88,6.7,7.1,4
78,1996,7.12,7.0,7.2,4
78,1997,7.25,7.1,7.3,4
78,1998,6.78,6.7,6.9,4
78,1999,6.45,6.1,6.7,4
78,2000,5.35,5.0,5.7,4
78,2001,4.85,4.7,5.0,4
78,2002,5.6,5.3,5.9,4
78,2003,6.4,6.2,6.7,4
78,2004,6.82,6.7,6.9,4
78,2005,6.65,6.6,6.7,4
78,2006,6.4,6.0,6.7,4
78,2007,5.75,5.3,6.1,4
78,2008,5.12,5.0,5.3,4
78,2009,6.32,5.8,6.8,4
78,2010,6.57,6.5,6.6,4
78,2011,6.45,6.4,6.5,4
78,2012,6.82,6.6,7.1,4
78,2013,7.25,7.2,7.3,4
78,2014,7.35,7.2,7.5,4
78,2015,7.43,7.4,7.5,4
78,2016,7.4,7.3,7.5,4
78,2017,6.98,6.7,7.1,4
78,2018,6.85,6.6,7.1,4
78,2019,6.45,6.3,6.7,4
78,2020,6.4,5.5,7.1,4
78,2021,6.68,6.4,6.9,4
78,2022,6.4,6.3,6.5,4
78,2023,6.42,6.2,6.7,4
78,2024,6.52,6.5,6.6,4
78,2025,7.02,6.8,7.2,4
79,1982,7.1,7.0,7.2,4
79,1983,7.08,6.9,7.4,4
79,1984,8.45,7.9,9.0,4
79,1985,9.07,8.9,9.2,4
79,1986,9.07,9.0,9.1,4
79,1987,8.93,8.8,9.1,4
79,1988,8.75,8.6,8.9,4
79,1989,8.35,8.2,8.5,4
79,1990,7.85,7.7,8.0,4
79,1991,7.6,7.4,7.8,4
79,1992,8.25,8.1,8.3,4
79,1993,8.68,8.3,9.1,4
79,1994,9.12,8.8,9.3,4
79,1995,7.98,7.5,8.6,4
79,1996,7.92,7.6,8.2,4
79,1997,8.3,8.3,8.3,4
79,1998,7.9,7.8,8.1,4
79,1999,7.55,7.1,7.8,4
79,2000,6.3,5.9,6.7,4
79,2001,5.7,5.7,5.7,4
79,2002,5.62,5.5,5.7,4
79,2003,6.18,6.1,6.3,4
79,2004,6.18,6.0,6.4,4
79,2005,6.18,5.9,6.6,4
79,2006,6.42,5.9,6.7,4
79,2007,5.58,5.2,5.9,4
79,2008,5.3,5.0,5.7,4
79,2009,6.85,6.4,7.2,4
79,2010,6.92,6.8,7.0,4
79,2011,6.65,6.5,6.8,4
79,2012,7.3,7.0,7.7,4
79,2013,7.72,7.5,7.9,4
79,2014,7.72,7.6,8.0,4
79,2015,7.95,7.8,8.1,4
79,2016,7.88,7.8,7.9,4
79,2017,7.2,6.8,7.5,4
79,2018,6.75,6.5,7.0,4
79,2019,6.18,5.9,6.5,4
79,2020,5.98,5.6,6.7,4
79,2021,5.65,5.4,5.9,4
79,2022,5.28,5.1,5.4,4
79,2023,5.25,5.1,5.4,4
79,2024,5.5,5.4,5.6,4
79,2025,5.75,5.6,5.9,4
80,1982,8.33,8.3,8.4,4
80,1983,8.45,8.2,8.8,4
80,1984,10.1,9.4,10.7,4
80,1985,10.95,10.7,11.1,4
80,1986,10.5,10.3,10.8,4
80,1987,10.85,10.6,11.0,4
80,1988,10.32,10.2,10.5,4
80,1989,9.77,9.7,10.0,4
80,1990,9.98,9.9,10.0,4
80,1991,9.95,9.7,10.1,4
80,1992,10.65,10.4,11.0,4
80,1993,11.62,11.1,12.0,4
80,1994,12.08,11.8,12.2,4
80,1995,11.15,10.9,11.5,4
80,1996,11.7,11.4,11.9,4
80,1997,11.98,11.9,12.0,4
80,1998,11.85,11.8,11.9,4
80,1999,11.52,10.9,12.0,4
80,2000,10.07,9.7,10.5,4
80,2001,9.35,9.2,9.6,4
80,2002,9.0,8.8,9.2,4
80,2003,9.22,9.0,9.6,4
80,2004,9.72,9.6,9.8,4
80,2005,9.8,9.5,10.1,4
80,2006,10.15,9.8,10.4,4
80,2007,9.38,8.9,9.9,4
80,2008,8.85,8.5,9.3,4
80,2009,10.9,10.2,11.4,4
80,2010,10.88,10.7,11.0,4
80,2011,10.72,10.5,11.1,4
80,2012,11.65,11.3,12.1,4
80,2013,12.2,12.0,12.4,4
80,2014,11.88,11.8,11.9,4
80,2015,12.02,11.8,12.1,4
80,2016,11.98,11.8,12.1,4
80,2017,11.25,10.7,11.5,4
80,2018,10.78,10.6,11.0,4
80,2019,10.05,9.7,10.5,4
80,2020,9.4,8.5,10.5,4
80,2021,9.15,8.7,9.3,4
80,2022,8.62,8.5,8.9,4
80,2023,8.62,8.4,8.8,4
80,2024,8.38,8.1,8.6,4
80,2025,8.48,8.3,8.7,4
81,1982,6.55,6.5,6.6,4
81,1983,6.7,6.6,6.9,4
81,1984,7.55,7.2,7.7,4
81,1985,7.72,7.7,7.8,4
81,1986,7.62,7.5,7.7,4
81,1987,7.92,7.8,8.0,4
81,1988,8.02,7.8,8.2,4
81,1989,7.62,7.5,7.7,4
81,1990,7.68,7.6,7.7,4
81,1991,7.78,7.7,7.9,4
81,1992,8.2,8.2,8.2,4
81,1993,8.75,8.3,9.3,4
81,1994,9.43,9.2,9.6,4
81,1995,9.0,8.9,9.1,4
81,1996,9.57,9.5,9.7,4
81,1997,9.68,9.5,9.9,4
81,1998,9.72,9.7,9.8,4
81,1999,9.7,9.5,9.8,4
81,2000,8.7,8.2,9.2,4
81,2001,7.95,7.9,8.0,4
81,2002,7.93,7.9,8.0,4
81,2003,8.48,8.4,8.6,4
81,2004,8.7,8.6,8.8,4
81,2005,8.85,8.5,9.2,4
81,2006,9.3,9.0,9.5,4
81,2007,8.65,8.1,9.2,4
81,2008,8.2,7.8,8.6,4
81,2009,9.6,9.2,9.8,4
81,2010,9.75,9.7,9.8,4
81,2011,10.0,9.8,10.3,4
81,2012,10.58,10.4,10.8,4
81,2013,10.95,10.8,11.1,4
81,2014,10.95,10.8,11.1,4
81,2015,11.05,11.0,11.2,4
81,2016,10.68,10.5,10.9,4
81,2017,10.02,9.6,10.3,4
81,2018,9.6,9.3,9.9,4
81,2019,8.9,8.6,9.4,4
81,2020,8.22,7.4,9.0,4
81,2021,8.02,7.7,8.3,4
81,2022,7.8,7.7,7.9,4
81,2023,7.82,7.7,8.0,4
81,2024,7.85,7.7,8.0,4
81,2025,8.18,7.9,8.5,4
82,1982,6.0,5.7,6.4,4
82,1983,6.35,6.2,6.5,4
82,1984,7.07,6.8,7.3,4
82,1985,7.57,7.5,7.6,4
82,1986,7.68,7.3,7.9,4
82,1987,7.68,7.6,7.8,4
82,1988,7.18,6.9,7.5,4
82,1989,6.78,6.7,6.8,4
82,1990,6.8,6.7,6.9,4
82,1991,7.48,7.0,7.9,4
82,1992,8.0,7.9,8.1,4
82,1993,8.88,8.4,9.2,4
82,1994,9.28,9.1,9.4,4
82,1995,8.45,8.2,8.8,4
82,1996,8.75,8.6,8.8,4
82,1997,8.93,8.8,9.1,4
82,1998,9.02,9.0,9.1,4
82,1999,8.95,8.6,9.2,4
82,2000,8.02,7.8,8.3,4
82,2001,7.65,7.5,7.8,4
82,2002,7.55,7.5,7.6,4
82,2003,7.95,7.7,8.3,4
82,2004,8.3,8.2,8.4,4
82,2005,8.5,8.1,8.9,4
82,2006,8.93,8.8,9.0,4
82,2007,8.43,7.8,8.9,4
82,2008,7.85,7.4,8.3,4
82,2009,9.25,8.9,9.7,4
82,2010,9.62,9.6,9.7,4
82,2011,9.82,9.4,10.3,4
82,2012,10.35,10.2,10.7,4
82,2013,11.08,10.8,11.3,4
82,2014,11.1,10.9,11.5,4
82,2015,11.6,11.5,11.7,4
82,2016,11.48,11.3,11.7,4
82,2017,10.82,10.4,11.1,4
82,2018,10.4,10.1,10.8,4
82,2019,9.6,9.4,10.0,4
82,2020,9.02,7.9,9.9,4
82,2021,9.12,8.7,9.4,4
82,2022,8.55,8.4,8.7,4
82,2023,8.52,8.4,8.7,4
82,2024,8.57,8.5,8.7,4
82,2025,8.95,8.7,9.2,4
83,1982,8.2,7.9,8.6,4
83,1983,8.9,8.7,9.2,4
83,1984,10.32,9.8,10.7,4
83,1985,11.15,11.0,11.3,4
83,1986,11.0,11.0,11.0,4
83,1987,10.68,10.5,10.9,4
83,1988,10.28,10.2,10.4,4
83,1989,9.82,9.7,9.9,4
83,1990,9.85,9.8,10.0,4
83,1991,10.4,10.1,10.9,4
83,1992,11.68,11.2,12.1,4
83,1993,12.85,12.4,13.3,4
83,1994,13.62,13.4,13.8,4
83,1995,13.12,12.9,13.4,4
83,1996,13.58,13.3,13.7,4
83,1997,14.02,13.8,14.2,4
83,1998,13.58,13.4,13.8,4
83,1999,13.38,12.9,13.6,4
83,2000,11.88,11.3,12.5,4
83,2001,10.65,10.3,11.0,4
83,2002,9.78,9.6,10.0,4
83,2003,9.9,9.8,10.0,4
83,2004,10.05,9.9,10.1,4
83,2005,9.95,9.8,10.1,4
83,2006,9.75,9.4,10.0,4
83,2007,9.02,8.6,9.5,4
83,2008,8.25,8.1,8.6,4
83,2009,9.75,9.3,10.1,4
83,2010,9.75,9.7,9.8,4
83,2011,9.98,9.9,10.1,4
83,2012,10.4,10.2,10.7,4
83,2013,10.82,10.8,10.9,4
83,2014,10.9,10.7,11.1,4
83,2015,11.1,11.0,11.3,4
83,2016,10.78,10.6,10.9,4
83,2017,10.18,9.8,10.4,4
83,2018,9.8,9.5,10.1,4
83,2019,9.1,8.7,9.6,4
83,2020,8.45,7.8,9.4,4
83,2021,8.12,7.5,8.5,4
83,2022,7.32,7.2,7.4,4
83,2023,7.28,7.1,7.4,4
83,2024,7.2,7.1,7.4,4
83,2025,7.42,7.2,7.7,4
84,1982,7.02,6.4,7.9,4
84,1983,8.32,8.1,8.8,4
84,1984,9.82,9.5,10.0,4
84,1985,10.32,10.3,10.4,4
84,1986,10.12,10.0,10.2,4
84,1987,9.75,9.5,10.1,4
84,1988,9.28,9.2,9.4,4
84,1989,8.75,8.6,9.0,4
84,1990,9.25,8.9,9.5,4
84,1991,9.6,9.3,10.0,4
84,1992,10.88,10.3,11.5,4
84,1993,12.0,11.8,12.1,4
84,1994,12.35,12.3,12.4,4
84,1995,11.8,11.5,12.2,4
84,1996,12.25,12.0,12.4,4
84,1997,12.72,12.6,12.8,4
84,1998,12.52,12.5,12.6,4
84,1999,12.28,11.8,12.6,4
84,2000,10.78,10.1,11.4,4
84,2001,9.75,9.7,9.8,4
84,2002,9.28,9.0,9.6,4
84,2003,9.45,9.4,9.5,4
84,2004,9.6,9.4,9.7,4
84,2005,10.0,9.5,10.4,4
84,2006,10.23,9.8,10.5,4
84,2007,9.6,9.0,10.1,4
84,2008,8.82,8.5,9.2,4
84,2009,10.55,10.0,11.2,4
84,2010,10.85,10.8,10.9,4
84,2011,11.35,11.0,11.7,4
84,2012,12.0,11.6,12.5,4
84,2013,12.62,12.4,12.8,4
84,2014,12.72,12.5,13.0,4
84,2015,12.98,12.9,13.1,4
84,2016,12.82,12.6,13.0,4
84,2017,11.98,11.7,12.2,4
84,2018,11.62,11.4,11.9,4
84,2019,10.98,10.6,11.5,4
84,2020,10.25,9.2,11.4,4
84,2021,10.1,9.6,10.4,4
84,2022,9.5,9.4,9.6,4
84,2023,9.65,9.4,9.9,4
84,2024,9.68,9.4,9.9,4
84,2025,10.02,9.7,10.4,4
85,1982,5.92,5.7,6.2,4
85,1983,6.48,6.2,6.8,4
85,1984,7.85,7.4,8.3,4
85,1985,8.55,8.3,8.7,4
85,1986,8.35,8.2,8.5,4
85,1987,8.38,8.3,8.5,4
85,1988,7.78,7.5,8.1,4
85,1989,6.98,6.8,7.2,4
85,1990,6.55,6.4,6.7,4
85,1991,6.68,6.4,6.9,4
85,1992,7.3,7.2,7.4,4
85,1993,8.07,7.7,8.4,4
85,1994,8.45,8.2,8.6,4
85,1995,7.9,7.8,8.0,4
85,1996,8.32,8.2,8.4,4
85,1997,8.25,8.0,8.4,4
85,1998,7.45,7.4,7.6,4
85,1999,7.05,6.6,7.4,4
85,2000,5.9,5.5,6.3,4
85,2001,5.52,5.5,5.6,4
85,2002,5.55,5.5,5.6,4
85,2003,5.95,5.8,6.2,4
85,2004,6.3,6.2,6.4,4
85,2005,6.4,6.1,6.6,4
85,2006,6.48,6.1,6.7,4
85,2007,5.68,5.4,6.1,4
85,2008,5.45,5.1,6.1,4
85,2009,7.58,7.0,7.9,4
85,2010,7.42,7.2,7.6,4
85,2011,7.08,6.9,7.3,4
85,2012,7.68,7.4,8.0,4
85,2013,8.35,8.2,8.5,4
85,2014,8.4,8.3,8.6,4
85,2015,8.43,8.2,8.6,4
85,2016,7.85,7.7,8.1,4
85,2017,7.12,6.8,7.4,4
85,2018,6.7,6.6,6.9,4
85,2019,6.45,6.3,6.7,4
85,2020,6.45,6.2,7.1,4
85,2021,5.82,5.3,6.3,4
85,2022,5.2,5.1,5.3,4
85,2023,5.12,5.0,5.3,4
85,2024,5.32,5.3,5.4,4
85,2025,5.65,5.4,5.9,4
86,1982,7.58,7.2,7.9,4
86,1983,8.12,7.9,8.5,4
86,1984,9.72,9.2,10.1,4
86,1985,9.9,9.7,10.2,4
86,1986,9.62,9.5,9.7,4
86,1987,9.4,9.2,9.6,4
86,1988,8.82,8.6,9.1,4
86,1989,8.2,8.1,8.4,4
86,1990,7.55,7.4,7.9,4
86,1991,7.65,7.4,7.9,4
86,1992,8.4,8.2,8.5,4
86,1993,8.78,8.5,9.1,4
86,1994,9.18,9.0,9.3,4
86,1995,8.3,8.1,8.7,4
86,1996,8.65,8.4,8.9,4
86,1997,8.95,8.9,9.0,4
86,1998,8.52,8.4,8.7,4
86,1999,8.3,7.9,8.6,4
86,2000,7.05,6.6,7.4,4
86,2001,6.38,6.3,6.4,4
86,2002,6.32,6.3,6.4,4
86,2003,6.85,6.7,7.1,4
86,2004,7.25,7.1,7.4,4
86,2005,7.52,7.3,7.8,4
86,2006,7.62,7.3,7.8,4
86,2007,6.72,6.2,7.2,4
86,2008,6.38,6.0,6.9,4
86,2009,8.0,7.6,8.3,4
86,2010,8.02,8.0,8.1,4
86,2011,7.88,7.8,8.0,4
86,2012,8.2,8.0,8.4,4
86,2013,8.48,8.1,8.7,4
86,2014,8.4,8.2,8.6,4
86,2015,8.55,8.4,8.7,4
86,2016,8.38,8.2,8.5,4
86,2017,7.6,7.2,7.9,4
86,2018,7.38,7.2,7.5,4
86,2019,6.88,6.6,7.2,4
86,2020,6.55,6.2,7.3,4
86,2021,6.35,5.9,6.7,4
86,2022,5.88,5.8,5.9,4
86,2023,6.0,5.8,6.2,4
86,2024,6.25,6.2,6.3,4
86,2025,6.68,6.5,6.9,4
87,1982,5.05,4.8,5.2,4
87,1983,5.42,5.1,5.8,4
87,1984,6.65,6.2,7.1,4
87,1985,7.5,7.4,7.6,4
87,1986,7.2,7.2,7.2,4
87,1987,7.18,7.1,7.2,4
87,1988,6.6,6.4,6.9,4
87,1989,6.3,6.3,6.3,4
87,1990,6.15,6.1,6.2,4
87,1991,6.45,6.2,6.8,4
87,1992,7.18,7.0,7.3,4
87,1993,7.52,7.3,7.8,4
87,1994,8.1,8.0,8.2,4
87,1995,7.68,7.5,7.9,4
87,1996,7.95,7.9,8.0,4
87,1997,8.0,8.0,8.0,4
87,1998,7.72,7.6,7.8,4
87,1999,7.6,7.1,7.9,4
87,2000,6.28,5.8,6.7,4
87,2001,5.62,5.6,5.7,4
87,2002,5.8,5.8,5.8,4
87,2003,6.38,6.1,6.7,4
87,2004,6.82,6.7,6.9,4
87,2005,7.02,6.7,7.3,4
87,2006,7.32,7.0,7.5,4
87,2007,6.72,6.3,7.1,4
87,2008,6.32,6.1,6.7,4
87,2009,8.12,7.5,8.6,4
87,2010,8.4,8.4,8.4,4
87,2011,8.55,8.4,8.8,4
87,2012,9.2,8.9,9.5,4
87,2013,9.68,9.5,9.8,4
87,2014,9.57,9.4,9.8,4
87,2015,9.8,9.7,9.9,4
87,2016,9.5,9.3,9.7,4
87,2017,8.68,8.3,8.9,4
87,2018,8.15,8.0,8.4,4
87,2019,7.65,7.4,7.9,4
87,2020,7.25,6.6,8.1,4
87,2021,6.9,6.6,7.2,4
87,2022,6.45,6.3,6.6,4
87,2023,6.4,6.2,6.6,4
87,2024,6.72,6.7,6.8,4
87,2025,7.12,6.9,7.3,4
88,1982,7.07,7.0,7.1,4
88,1983,7.35,7.1,7.9,4
88,1984,9.0,8.4,9.3,4
88,1985,9.35,9.2,9.5,4
88,1986,9.6,9.5,9.7,4
88,1987,9.6,9.4,9.7,4
88,1988,8.93,8.7,9.2,4
88,1989,8.38,8.3,8.5,4
88,1990,7.9,7.6,8.3,4
88,1991,7.82,7.7,7.9,4
88,1992,8.18,8.0,8.4,4
88,1993,8.98,8.6,9.3,4
88,1994,9.38,9.2,9.5,4
88,1995,8.8,8.6,9.0,4
88,1996,9.3,9.1,9.4,4
88,1997,9.5,9.5,9.5,4
88,1998,9.15,9.1,9.3,4
88,1999,8.95,8.4,9.2,4
88,2000,7.48,7.2,7.9,4
88,2001,7.12,6.9,7.4,4
88,2002,7.7,7.5,8.0,4
88,2003,8.5,8.4,8.6,4
88,2004,8.85,8.6,9.1,4
88,2005,9.28,9.0,9.5,4
88,2006,9.5,8.9,9.8,4
88,2007,8.55,8.0,9.1,4
88,2008,8.12,7.7,8.6,4
88,2009,10.15,9.8,10.4,4
88,2010,9.95,9.8,10.1,4
88,2011,10.0,9.8,10.4,4
88,2012,11.02,10.6,11.5,4
88,2013,11.7,11.6,11.8,4
88,2014,11.7,11.6,11.8,4
88,2015,11.72,11.5,11.9,4
88,2016,10.95,10.7,11.4,4
88,2017,9.98,9.4,10.3,4
88,2018,9.4,9.1,9.7,4
88,2019,8.9,8.7,9.1,4
88,2020,8.32,7.6,9.2,4
88,2021,8.02,7.6,8.3,4
88,2022,7.43,7.4,7.5,4
88,2023,7.72,7.4,7.9,4
88,2024,7.72,7.5,7.9,4
88,2025,7.8,7.6,8.1,4
89,1982,6.78,6.5,7.0,4
89,1983,7.12,6.8,7.5,4
89,1984,8.65,8.0,9.1,4
89,1985,8.45,8.2,9.0,4
89,1986,8.38,8.2,8.5,4
89,1987,8.57,8.5,8.6,4
89,1988,7.98,7.6,8.4,4
89,1989,7.15,7.0,7.4,4
89,1990,6.72,6.7,6.8,4
89,1991,6.82,6.7,7.0,4
89,1992,7.8,7.3,8.3,4
89,1993,9.18,8.6,9.7,4
89,1994,9.82,9.4,10.1,4
89,1995,8.9,8.7,9.2,4
89,1996,9.07,9.0,9.1,4
89,1997,9.28,9.1,9.4,4
89,1998,8.72,8.6,8.9,4
89,1999,8.5,7.8,9.0,4
89,2000,6.82,6.3,7.3,4
89,2001,6.02,6.0,6.1,4
89,2002,6.3,6.2,6.5,4
89,2003,7.2,6.9,7.7,4
89,2004,7.78,7.6,7.9,4
89,2005,7.9,7.7,8.1,4
89,2006,8.0,7.6,8.3,4
89,2007,7.1,6.5,7.6,4
89,2008,6.7,6.3,7.2,4
89,2009,8.7,8.4,8.9,4
89,2010,8.75,8.6,8.8,4
89,2011,8.72,8.6,8.9,4
89,2012,9.48,8.9,10.0,4
89,2013,9.95,9.6,10.2,4
89,2014,9.72,9.6,9.9,4
89,2015,9.88,9.7,10.1,4
89,2016,9.57,9.5,9.7,4
89,2017,8.78,8.3,9.1,4
89,2018,8.22,7.9,8.6,4
89,2019,7.8,7.6,8.0,4
89,2020,7.22,6.7,8.0,4
89,2021,7.02,6.6,7.2,4
89,2022,6.7,6.6,6.8,4
89,2023,6.95,6.7,7.2,4
89,2024,7.22,7.1,7.3,4
89,2025,7.6,7.4,7.9,4
90,1982,7.88,7.8,8.1,4
90,1983,8.12,8.0,8.3,4
90,1984,9.2,8.9,9.4,4
90,1985,9.62,9.4,9.8,4
90,1986,9.07,8.9,9.2,4
90,1987,9.65,9.5,9.7,4
90,1988,9.3,9.0,9.6,4
90,1989,8.12,7.7,8.7,4
90,1990,7.48,7.4,7.5,4
90,1991,7.7,7.5,8.0,4
90,1992,8.32,8.2,8.6,4
90,1993,9.35,8.9,9.8,4
90,1994,9.78,9.5,9.9,4
90,1995,8.95,8.8,9.2,4
90,1996,9.45,9.1,9.7,4
90,1997,9.75,9.7,9.8,4
90,1998,9.18,8.8,9.6,4
90,1999,8.43,7.8,8.8,4
90,2000,6.8,6.3,7.3,4
90,2001,6.02,5.7,6.5,4
90,2002,7.05,6.9,7.3,4
90,2003,8.05,7.7,8.8,4
90,2004,8.93,8.8,9.0,4
90,2005,9.25,8.7,9.8,4
90,2006,10.18,10.0,10.4,4
90,2007,9.08,8.3,9.9,4
90,2008,7.82,7.6,8.3,4
90,2009,10.2,9.6,10.7,4
90,2010,10.22,9.8,10.6,4
90,2011,9.43,9.1,9.7,4
90,2012,10.62,9.8,11.6,4
90,2013,11.62,11.4,11.8,4
90,2014,11.6,11.5,11.8,4
90,2015,11.5,11.2,11.7,4
90,2016,10.82,10.6,11.1,4
90,2017,9.6,8.7,10.3,4
90,2018,9.15,9.0,9.3,4
90,2019,8.95,8.9,9.1,4
90,2020,8.98,8.2,10.4,4
90,2021,8.9,8.5,9.3,4
90,2022,8.18,8.1,8.3,4
90,2023,8.4,8.1,8.6,4
90,2024,8.8,8.7,9.0,4
90,2025,9.3,9.1,9.5,4
91,1982,5.32,5.3,5.4,4
91,1983,5.25,5.2,5.3,4
91,1984,5.72,5.5,5.9,4
91,1985,5.92,5.8,6.1,4
91,1986,5.88,5.8,6.0,4
91,1987,5.88,5.7,6.0,4
91,1988,5.52,5.3,5.7,4
91,1989,4.92,4.7,5.1,4
91,1990,4.32,4.2,4.5,4
91,1991,4.6,4.4,4.9,4
91,1992,5.62,5.1,6.2,4
91,1993,6.98,6.5,7.4,4
91,1994,7.32,7.1,7.5,4
91,1995,6.95,6.9,7.0,4
91,1996,7.35,7.2,7.5,4
91,1997,7.48,7.3,7.6,4
91,1998,7.08,7.0,7.2,4
91,1999,6.68,6.3,6.9,4
91,2000,5.42,4.9,5.9,4
91,2001,4.72,4.7,4.8,4
91,2002,5.4,5.1,5.7,4
91,2003,6.38,6.1,6.7,4
91,2004,6.82,6.7,6.9,4
91,2005,6.75,6.7,6.8,4
91,2006,6.32,5.8,6.7,4
91,2007,5.52,5.1,5.9,4
91,2008,4.97,4.8,5.2,4
91,2009,6.3,5.8,6.8,4
91,2010,6.6,6.6,6.6,4
91,2011,6.5,6.4,6.6,4
91,2012,6.93,6.7,7.2,4
91,2013,7.43,7.4,7.5,4
91,2014,7.5,7.4,7.7,4
91,2015,7.7,7.6,7.8,4
91,2016,7.62,7.5,7.7,4
91,2017,7.22,6.9,7.4,4
91,2018,7.0,6.8,7.2,4
91,2019,6.62,6.5,6.8,4
91,2020,6.65,5.8,7.5,4
91,2021,6.75,6.4,7.0,4
91,2022,6.35,6.3,6.5,4
91,2023,6.38,6.2,6.6,4
91,2024,6.48,6.4,6.5,4
91,2025,6.98,6.7,7.3,4
92,1982,5.07,5.0,5.1,4
92,1983,5.1,5.0,5.3,4
92,1984,5.9,5.6,6.1,4
92,1985,6.65,6.3,7.0,4
92,1986,6.95,6.9,7.0,4
92,1987,7.18,7.1,7.2,4
92,1988,6.72,6.5,6.9,4
92,1989,6.02,5.8,6.3,4
92,1990,5.68,5.6,5.7,4
92,1991,5.82,5.6,6.1,4
92,1992,6.8,6.4,7.3,4
92,1993,8.25,7.7,8.8,4
92,1994,8.82,8.7,8.9,4
92,1995,8.32,8.2,8.5,4
92,1996,8.48,8.4,8.5,4
92,1997,8.55,8.5,8.6,4
92,1998,8.12,8.0,8.3,4
92,1999,7.65,7.3,7.9,4
92,2000,6.55,6.2,7.0,4
92,2001,5.95,5.8,6.1,4
92,2002,6.65,6.3,7.0,4
92,2003,7.62,7.4,7.9,4
92,2004,7.98,7.9,8.1,4
92,2005,7.75,7.7,7.8,4
92,2006,7.42,7.0,7.8,4
92,2007,6.58,5.9,7.1,4
92,2008,5.7,5.6,5.8,4
92,2009,6.9,6.3,7.4,4
92,2010,7.1,7.0,7.2,4
92,2011,7.0,6.9,7.1,4
92,2012,7.4,7.2,7.6,4
92,2013,7.72,7.7,7.8,4
92,2014,7.78,7.7,7.9,4
92,2015,7.85,7.7,8.0,4
92,2016,7.55,7.4,7.7,4
92,2017,7.08,6.8,7.2,4
92,2018,6.88,6.7,7.0,4
92,2019,6.5,6.3,6.7,4
92,2020,6.38,5.4,7.2,4
92,2021,6.55,6.2,6.8,4
92,2022,5.9,5.7,6.1,4
92,2023,5.85,5.6,6.1,4
92,2024,6.02,6.0,6.1,4
92,2025,6.58,6.3,6.8,4
93,1982,7.05,6.9,7.2,4
93,1983,7.02,6.9,7.3,4
93,1984,8.05,7.6,8.4,4
93,1985,8.8,8.6,9.1,4
93,1986,9.28,9.2,9.4,4
93,1987,9.5,9.4,9.6,4
93,1988,9.35,9.2,9.4,4
93,1989,8.68,8.5,8.9,4
93,1990,8.28,8.0,8.5,4
93,1991,8.8,8.3,9.2,4
93,1992,9.78,9.1,10.6,4
93,1993,11.72,11.1,12.4,4
93,1994,12.62,12.5,12.7,4
93,1995,12.28,12.2,12.4,4
93,1996,13.08,12.8,13.2,4
93,1997,13.38,13.3,13.4,4
93,1998,13.2,13.1,13.3,4
93,1999,13.0,12.7,13.3,4
93,2000,11.23,10.3,12.3,4
93,2001,9.95,9.9,10.0,4
93,2002,10.5,10.2,10.8,4
93,2003,11.58,11.2,12.1,4
93,2004,12.22,12.1,12.3,4
93,2005,11.98,11.8,12.1,4
93,2006,11.55,10.9,12.1,4
93,2007,10.48,9.7,11.1,4
93,2008,9.25,9.2,9.4,4
93,2009,10.65,9.9,11.3,4
93,2010,11.12,11.1,11.2,4
93,2011,11.35,11.2,11.6,4
93,2012,12.05,11.7,12.4,4
93,2013,12.8,12.7,12.9,4
93,2014,12.98,12.8,13.2,4
93,2015,13.08,12.9,13.3,4
93,2016,12.75,12.5,13.0,4
93,2017,11.98,11.6,12.2,4
93,2018,11.65,11.3,12.0,4
93,2019,10.9,10.6,11.3,4
93,2020,10.6,9.1,11.9,4
93,2021,10.88,10.4,11.2,4
93,2022,10.25,10.1,10.4,4
93,2023,10.25,9.9,10.6,4
93,2024,10.32,10.2,10.5,4
93,2025,10.72,10.6,10.8,4
94,1982,5.65,5.6,5.7,4
94,1983,5.52,5.4,5.8,4
94,1984,6.42,6.1,6.8,4
94,1985,6.9,6.8,7.0,4
94,1986,7.32,7.1,7.5,4
94,1987,7.52,7.4,7.6,4
94,1988,7.1,6.9,7.3,4
94,1989,6.38,6.2,6.6,4
94,1990,6.1,6.1,6.1,4
94,1991,6.32,6.1,6.6,4
94,1992,7.2,6.8,7.7,4
94,1993,8.68,8.1,9.2,4
94,1994,9.18,9.0,9.3,4
94,1995,8.62,8.5,8.8,4
94,1996,8.9,8.8,9.0,4
94,1997,9.3,9.2,9.4,4
94,1998,9.07,9.0,9.2,4
94,1999,8.72,8.3,9.0,4
94,2000,7.35,7.0,7.9,4
94,2001,6.5,6.4,6.7,4
94,2002,6.98,6.7,7.2,4
94,2003,7.8,7.5,8.1,4
94,2004,8.32,8.2,8.4,4
94,2005,8.28,8.1,8.4,4
94,2006,7.98,7.6,8.3,4
94,2007,7.25,6.6,7.7,4
94,2008,6.28,6.2,6.3,4
94,2009,7.45,6.8,8.0,4
94,2010,7.75,7.7,7.8,4
94,2011,7.85,7.7,8.0,4
94,2012,8.22,8.0,8.4,4
94,2013,8.72,8.7,8.8,4
94,2014,8.9,8.8,9.1,4
94,2015,8.98,8.9,9.1,4
94,2016,8.82,8.7,8.9,4
94,2017,8.38,8.1,8.5,4
94,2018,8.05,7.8,8.3,4
94,2019,7.45,7.3,7.7,4
94,2020,7.45,6.4,8.4,4
94,2021,7.7,7.3,7.9,4
94,2022,7.15,7.0,7.3,4
94,2023,7.15,6.9,7.4,4
94,2024,7.25,7.2,7.4,4
94,2025,7.8,7.5,8.1,4
95,1982,5.42,5.3,5.5,4
95,1983,5.68,5.6,5.9,4
95,1984,6.6,6.2,6.9,4
95,1985,7.22,7.0,7.5,4
95,1986,7.4,7.3,7.5,4
95,1987,7.5,7.4,7.6,4
95,1988,7.4,7.2,7.5,4
95,1989,6.55,6.3,6.9,4
95,1990,5.95,5.9,6.1,4
95,1991,6.28,5.9,6.6,4
95,1992,7.28,6.9,7.7,4
95,1993,8.82,8.1,9.5,4
95,1994,9.7,9.6,9.8,4
95,1995,9.18,9.0,9.4,4
95,1996,9.57,9.4,9.7,4
95,1997,9.78,9.6,9.9,4
95,1998,9.22,9.1,9.4,4
95,1999,8.88,8.4,9.2,4
95,2000,7.42,7.0,7.9,4
95,2001,6.65,6.5,6.8,4
95,2002,7.2,6.9,7.5,4
95,2003,8.3,8.0,8.7,4
95,2004,8.9,8.7,9.1,4
95,2005,8.95,8.8,9.1,4
95,2006,8.75,8.3,9.1,4
95,2007,8.0,7.4,8.5,4
95,2008,7.1,7.0,7.3,4
95,2009,8.7,8.0,9.3,4
95,2010,9.02,9.0,9.1,4
95,2011,8.98,8.9,9.1,4
95,2012,9.45,9.2,9.8,4
95,2013,10.02,9.9,10.1,4
95,2014,10.12,9.9,10.4,4
95,2015,10.28,10.2,10.4,4
95,2016,10.07,9.9,10.2,4
95,2017,9.52,9.2,9.7,4
95,2018,9.18,8.9,9.4,4
95,2019,8.5,8.3,8.8,4
95,2020,8.43,7.3,9.5,4
95,2021,8.7,8.3,9.0,4
95,2022,8.02,7.9,8.2,4
95,2023,8.0,7.7,8.3,4
95,2024,7.98,7.9,8.2,4
95,2025,8.5,8.2,8.8,4
